Projeto,Regiao,Matriz do cliente,Id do cliente,Categoria de produto,Id do Produto,Quantidade Atual 2022,Quantidade Atual 2023,Quantidade Plano 2024,Quantidade Plano 2025,Preco Atual 2022,Preco Atual 2023,Preco Plano 2024,Preco Plano 2025,Vendas Liquidas Atual 2022,Vendas Liquidas Atual 2023,Vendas Liquidas Plano 2024,Vendas Liquidas Plano 2025,Custo Total Atual 2022,Custo Total Atual 2023,Custo Total Plano 2024,Custo Total Plano 2025,Margem Atual 2022,Margem Atual 2023,Margem Plano 2024,Margem Plano 2025
Standard Software,Norte,Tech Solution,4911 - Tech Analytics,Premium,A0008014240952,5544,0,0,0,3.75,0,0,0,20835.35,0,0,0,15818.21,0,0,0,5017.14,0,0,0
Standard Software,Norte,Tech Solution,4911 - Tech Analytics,Premium,A0008802370941,5472,0,0,0,5.16,0,0,0,28245.85,-21.57,0,0,23134.47,0,0,0,5111.38,-21.57,0,0
Standard Software,Norte,Tech Solution,4911 - Tech Analytics,Premium,A0008799120936,22680,0,0,0,0.91,0,0,0,20819.25,-729.88,0,0,14665.7,0,0,0,6153.55,-729.88,0,0
Standard Software,Norte,Tech Solution,1764 - Tech Analytics,Analytics,A0008943210597,8160,16320,11040,6427,3.33,3.33,3.33,3.34,27243.27,54486.55,36858.55,21511.06,3104.66,6035.14,4300.33,2503.42,24138.61,48451.41,32558.22,19007.64
Standard Software,Norte,Tech Solution,1764 - Tech Analytics,Analytics,A0008140070828,12906,13440,3840,2060,2.81,2.81,2.81,2.81,36356.19,37860.48,10821.81,5805.45,8149.54,7552.05,2095.89,1124.33,28206.65,30308.43,8725.92,4681.12
Standard Software,Norte,Tech Solution,1764 - Tech Analytics,Analytics,A0008630580097,3210,5160,2500,1030,5.9,5.9,5.97,5.98,18968.18,30490.91,14931.82,6167.31,4027.63,6332.36,2937.2,1210.1,14940.55,24158.55,11994.62,4957.21
Standard Software,Norte,Tech Solution,1764 - Tech Analytics,Analytics,A0008023090596,840,412,1500,1545,35.04,35.04,35.04,38.27,29438.18,14438.73,52568.18,59138.42,23517.71,11185.18,38424.35,39577.07,5920.47,3253.55,14143.83,19561.35
Standard Software,Norte,Tech Solution,1764 - Tech Analytics,Analytics,A0008388990933,3272,4000,5000,2060,2.4,2.4,2.4,2.41,7882.55,9636.36,12045.45,4975.15,3021,3698,4127.46,1700.45,4861.55,5938.36,7917.99,3274.7
Standard Software,Norte,Tech Solution,1764 - Tech Analytics,Analytics,A0008027600870,18600,4000,10000,10300,1.47,1.47,1.49,1.49,27385.96,5889.45,14909.09,15394.73,14337.21,3379.63,8567.21,8824.24,13048.75,2509.82,6341.88,6570.49
Standard Software,Norte,Tech Solution,1764 - Tech Analytics,Analytics,A0008567000130,480,1440,1000,515,3.63,3.63,3.67,3.67,1745.45,5236.36,3672.73,1891.45,181.9,530.41,416.62,214.55,1563.55,4705.95,3256.11,1676.9
Standard Software,Norte,Tech Solution,1764 - Tech Analytics,Analytics,A0008875760035,1170,1287,936,515,3.18,3.18,3.21,3.21,3722.73,4095,3012.22,1657.36,652.98,758.87,560.91,304.91,3069.75,3336.13,2451.31,1352.45
Standard Software,Norte,Tech Solution,1764 - Tech Analytics,Analytics,A0008709040963,0,100,0,0,0,21.78,0,0,0,2178.7,0,0,0,1540.11,0,0,0,638.59,0,0
Standard Software,Norte,Tech Solution,1764 - Tech Analytics,Analytics,A0008530650958,0,0,0,0,0,0,0,0,0,0,0,0,0,0,0,0,0,0,0,0
Standard Software,Norte,Tech Solution,1764 - Tech Analytics,Analytics,A0008823060863,9800,0,3200,3090,2.88,0,2.88,2.88,28295.27,0,9221.81,8921.67,9648.91,0,3259.03,3146.99,18646.36,0,5962.78,5774.68
Standard Software,Norte,Tech Solution,1764 - Tech Analytics,Premium,A0008022420060,2950,2100,2100,2040,1.9,1.9,1.9,1.9,5605,3990,3990,3885.7,4049.55,3264.55,3493.64,3393.82,1555.45,725.45,496.36,491.88
Standard Software,Norte,Tech Solution,1764 - Tech Analytics,Premium,A0008100830060,1000,1200,500,510,2.31,2.31,2.34,2.35,2318.18,2781.82,1172.72,1199.2,925.87,1199.63,524.68,535.19,1392.31,1582.19,648.04,664.01
Standard Software,Norte,Tech Solution,1764 - Tech Analytics,Premium,A0008074300060,165,490,100,102,5.41,5.41,5.47,5.48,894,2654.91,547.27,559.57,155.94,566.09,115.62,117.93,738.06,2088.82,431.65,441.64
Standard Software,Norte,Tech Solution,1764 - Tech Analytics,Premium,A0008063450060,1200,2200,1300,1020,0.95,0.95,1.01,1.02,1149.82,2108,1323.64,1041.15,3000,4280,2623.61,2058.54,-1850.18,-2172,-1299.97,-1017.39
Standard Software,Norte,Tech Solution,1764 - Tech Analytics,Premium,A0008073920060,40,65,50,51,5.03,5.03,5.09,5.1,201.45,327.36,254.55,260.3,43.44,70.6,65.35,66.65,158.01,256.76,189.2,193.65
Standard Software,Norte,Tech Solution,1764 - Tech Analytics,Premium,A0008024470060,0,60,0,0,0,0.45,0,0,0,27.39,0,0,0,41.11,0,0,0,-13.72,0,0
Standard Software,Norte,Tech Solution,1764 - Tech Analytics,Premium,A0008026330060,500,0,0,0,2.6,0,0,0,1304.55,0,0,0,590.91,0,0,0,713.64,0,0,0
Standard Software,Norte,Tech Solution,1766 - Tech Solution Inc.,Analytics,A0008855710656,4004,1242,2870,1030,1.05,1.05,1.04,1.05,4210.85,1306.35,3000.45,1083.23,2104.05,721.22,2016.83,723.78,2106.8,585.13,983.62,359.45
Standard Software,Norte,Tech Solution,1766 - Tech Solution Inc.,Analytics,A0008140070828,32,176,500,103,2.98,2.98,2.99,2.99,95.65,526.03,1495.45,308.06,20.21,98.9,272.83,56.18,75.44,427.13,1222.62,251.88
Standard Software,Norte,Tech Solution,1766 - Tech Solution Inc.,Analytics,A0008947260941,64,44,0,0,6.52,6.52,0,0,417.75,287.2,0,0,565.36,383.25,0,0,-147.61,-96.05,0,0
Standard Software,Norte,Tech Solution,1766 - Tech Solution Inc.,Analytics,A0008628550924,320,160,0,0,1.68,1.68,0,0,538.18,269.09,0,0,156.45,77.41,0,0,381.73,191.68,0,0
Standard Software,Norte,Tech Solution,1766 - Tech Solution Inc.,Analytics,A0008388990933,299,110,305,314,2.4,2.4,2.4,2.41,720.32,265,734.77,758.36,276.06,101.69,251.72,259.15,444.26,163.31,483.05,499.21
Standard Software,Norte,Tech Solution,1766 - Tech Solution Inc.,Analytics,A0008961000890,22,91,74,63,1.68,1.68,1.68,1.68,37.05,153.24,124.45,106.06,27.49,100.32,80.05,68.15,9.56,52.92,44.4,37.91
Standard Software,Norte,Tech Solution,1766 - Tech Solution Inc.,Analytics,A0008369930940,2,62,100,126,1.72,1.71,1.71,1.72,3.44,106.53,171.82,217.03,1.54,47.38,74.55,93.93,1.9,59.15,97.27,123.1
Standard Software,Norte,Tech Solution,1766 - Tech Solution Inc.,Analytics,A0008531180747,13,23,0,0,2.69,2.69,0,0,34.98,61.89,0,0,11.09,19.63,0,0,23.89,42.26,0,0
Standard Software,Norte,Tech Solution,1766 - Tech Solution Inc.,Analytics,A0008371080940,219,30,0,0,1.72,1.72,0,0,377.88,51.76,0,0,269.13,36.71,0,0,108.75,15.05,0,0
Standard Software,Norte,Tech Solution,1766 - Tech Solution Inc.,Analytics,A0008100990972,24,36,180,0,1.37,1.37,1.37,0,33.03,49.55,247.09,0,25.25,38.77,209.34,0,7.78,10.78,37.75,0
Standard Software,Norte,Tech Solution,1766 - Tech Solution Inc.,Analytics,A0008466280969,10,21,565,103,1.49,1.49,1.49,1.49,14.91,31.31,842.35,153.89,6.92,14.53,0,0,7.99,16.78,842.35,153.89
Standard Software,Norte,Tech Solution,1766 - Tech Solution Inc.,Analytics,A0008027600870,2600,0,150,515,1.47,0,1.47,1.47,3828.15,0,220.91,760.31,2004.13,0,128.46,441.19,1824.02,0,92.45,319.12
Standard Software,Norte,Tech Solution,1766 - Tech Solution Inc.,Analytics,A0008389290933,0,0,0,0,0,0,0,0,0,0,0,0,0,0,0,0,0,0,0,0
Standard Software,Norte,Tech Solution,1766 - Tech Solution Inc.,Analytics,A0008245470898,384,0,0,0,1.6,0,0,0,614.65,0,0,0,404.46,0,0,0,210.19,0,0,0
Standard Software,Norte,Tech Solution,1766 - Tech Solution Inc.,Analytics,A0008360580945,0,0,0,0,0,0,0,0,0,0,0,0,0,0,0,0,0,0,0,0
Standard Software,Norte,Tech Solution,1766 - Tech Solution Inc.,Analytics,A0008127140939,0,0,0,0,0,0,0,0,0,0,0,0,0,0,0,0,0,0,0,0
Standard Software,Norte,Tech Solution,1766 - Tech Solution Inc.,Analytics,A0008638190836,0,0,0,0,0,0,0,0,0,0,0,0,0,0,0,0,0,0,0,0
Standard Software,Norte,Tech Solution,1766 - Tech Solution Inc.,Analytics,A0008631690836,3950,0,0,1030,17.23,0,0,25.73,68083.64,0,0,26509.05,83064.56,0,0,23291.5,-14980.92,0,0,3217.55
Standard Software,Norte,Tech Solution,1766 - Tech Solution Inc.,Analytics,A0008743090929,0,0,0,0,0,0,0,0,0,0,0,0,0,0,0,0,0,0,0,0
Standard Software,Norte,Tech Solution,1766 - Tech Solution Inc.,Analytics,A0008119060974,290,0,0,0,17.01,0,0,0,4934,0,0,0,3937.21,0,0,0,996.79,0,0,0
Standard Software,Norte,Tech Solution,1766 - Tech Solution Inc.,Analytics,A0008638780836,0,0,0,0,0,0,0,0,0,0,0,0,0,0,0,0,0,0,0,0
Standard Software,Norte,Tech Solution,1766 - Tech Solution Inc.,Analytics,A0008523190974,139,0,0,0,17.39,0,0,0,2418.48,0,0,0,1891.7,0,0,0,526.78,0,0,0
Standard Software,Norte,Tech Solution,1766 - Tech Solution Inc.,Analytics,A0008458970672,1967,0,0,0,1.21,0,0,0,2396.16,0,0,0,1042.71,0,0,0,1353.45,0,0,0
Standard Software,Norte,Tech Solution,1766 - Tech Solution Inc.,Analytics,A0008144390927,0,0,0,0,0,0,0,0,0,0,0,0,0,0,0,0,0,0,0,0
Standard Software,Norte,Tech Solution,1766 - Tech Solution Inc.,Analytics,A0008929610107,0,0,0,0,0,0,0,0,0,0,0,0,0,0,0,0,0,0,0,0
Standard Software,Norte,Tech Solution,1766 - Tech Solution Inc.,Analytics,A0008143820927,0,0,0,0,0,0,0,0,0,0,0,0,0,0,0,0,0,0,0,0
Standard Software,Norte,Tech Solution,1766 - Tech Solution Inc.,Analytics,A0008023090596,5182,0,0,1000,33.7,0,0,38.18,174681.91,-2349.09,0,38181.82,145081.86,0,0,25616.25,29600.05,-2349.09,0,12565.57
Standard Software,Norte,Tech Solution,1766 - Tech Solution Inc.,Premium,A0008923680107,0,480,0,0,0,2.13,0,0,0,1024.19,0,0,0,672.65,0,0,0,351.54,0,0
Standard Software,Norte,Tech Solution,1766 - Tech Solution Inc.,Premium,A0008185040545,0,340,0,0,0,0.7,0,0,0,238.93,0,0,0,244.31,0,0,0,-5.38,0,0
Standard Software,Norte,Tech Solution,1766 - Tech Solution Inc.,Premium,A0008947600890,0,108,0,0,0,1.73,0,0,0,187.33,0,0,0,131,0,0,0,56.33,0,0
Standard Software,Norte,Tech Solution,1766 - Tech Solution Inc.,Premium,A0008838370898,0,77,20,20,0,2.22,2.21,2.21,0,171,44.36,44.36,0,79.08,20.54,20.54,0,91.92,23.82,23.82
Standard Software,Norte,Tech Solution,1766 - Tech Solution Inc.,Premium,A0008104920927,24,43,35,36,1.55,1.55,0.66,1.55,37.31,66.85,23.23,56.05,11.47,22.29,20.18,20.74,25.84,44.56,3.05,35.31
Standard Software,Norte,Tech Solution,1766 - Tech Solution Inc.,Premium,A0008110520115,6,12,0,0,4.38,4.38,0,0,26.29,52.58,0,0,20.18,40.36,0,0,6.11,12.22,0,0
Standard Software,Norte,Tech Solution,1766 - Tech Solution Inc.,Premium,A0008358360957,0,35,0,0,0,1.39,0,0,0,48.66,0,0,0,36.91,0,0,0,11.75,0,0
Standard Software,Norte,Tech Solution,1766 - Tech Solution Inc.,Premium,A0008799120936,26,47,0,0,0.91,0.91,0,0,23.86,43.15,0,0,16.81,33.38,0,0,7.05,9.77,0,0
Standard Software,Norte,Tech Solution,1766 - Tech Solution Inc.,Premium,A0008659400817,0,50,0,0,0,0.5,0,0,0,25.04,0,0,0,25.72,0,0,0,-0.68,0,0
Standard Software,Norte,Tech Solution,1766 - Tech Solution Inc.,Premium,A0008612060504,41,7,0,0,1.1,1.1,0,0,45.26,7.73,0,0,28.47,5.32,0,0,16.79,2.41,0,0
Standard Software,Norte,Tech Solution,1766 - Tech Solution Inc.,Premium,A0008767260938,0,0,0,0,0,0,0,0,0,0,0,0,0,0,0,0,0,0,0,0
Standard Software,Norte,Tech Solution,1766 - Tech Solution Inc.,Premium,A0008929400096,1,0,0,0,6.32,0,0,0,6.32,0,0,0,3.36,0,0,0,2.96,0,0,0
Standard Software,Norte,Tech Solution,1766 - Tech Solution Inc.,Premium,A0008184820545,300,0,0,0,0.63,0,0,0,190.2,0,0,0,266.67,0,0,0,-76.47,0,0,0
Standard Software,Norte,Tech Solution,1766 - Tech Solution Inc.,Premium,A0008819700937,0,0,0,0,0,0,0,0,0,0,0,0,0,0,0,0,0,0,0,0
Standard Software,Norte,Tech Solution,1766 - Tech Solution Inc.,Premium,A0008333380056,0,0,0,0,0,0,0,0,0,0,0,0,0,0,0,0,0,0,0,0
Standard Software,Norte,Tech Solution,1766 - Tech Solution Inc.,Premium,A0008802370941,36,0,0,0,5.19,0,0,0,186.85,0,0,0,152.2,0,0,0,34.65,0,0,0
Standard Software,Norte,Tech Solution,1766 - Tech Solution Inc.,Premium,A0008609840113,0,0,0,0,0,0,0,0,0,0,0,0,0,0,0,0,0,0,0,0
Standard Software,Norte,Tech Solution,1766 - Tech Solution Inc.,Premium,A0008591730525,0,0,224,0,0,0,0.83,0,0,0,187.34,0,0,0,261.39,0,0,0,-74.05,0
Standard Software,Norte,Tech Solution,1766 - Tech Solution Inc.,Premium,A0008105220927,0,0,0,0,0,0,0,0,0,0,0,0,0,0,0,0,0,0,0,0
Standard Software,Norte,Tech Solution,1766 - Tech Solution Inc.,Premium,A0008105490927,0,0,0,0,0,0,0,0,0,0,0,0,0,0,0,0,0,0,0,0
Standard Software,Norte,Tech Solution,1766 - Tech Solution Inc.,Premium,A0008732410858,0,0,0,0,0,0,0,0,0,0,0,0,0,0,0,0,0,0,0,0
Standard Software,Norte,Tech Solution,1766 - Tech Solution Inc.,Premium,A0008785540937,0,0,0,0,0,0,0,0,0,0,0,0,0,0,0,0,0,0,0,0
Standard Software,Norte,Tech Solution,1766 - Tech Solution Inc.,Premium,A0008669910880,0,0,0,0,0,0,0,0,0,0,0,0,0,0,0,0,0,0,0,0
Standard Software,Norte,Tech Solution,1766 - Tech Solution Inc.,Premium,A0008875450937,27,0,0,0,3.44,0,0,0,92.89,0,0,0,54.76,0,0,0,38.13,0,0,0
Standard Software,Norte,Tech Solution,1766 - Tech Solution Inc.,Premium,A0008476780882,0,0,110,112,0,0,1.05,1.05,0,0,115.98,118.09,0,0,72.59,73.9,0,0,43.39,44.19
Standard Software,Norte,Tech Solution,1766 - Tech Solution Inc.,Premium,A0008223340941,0,0,0,0,0,0,0,0,0,0,0,0,0,0,0,0,0,0,0,0
Standard Software,Norte,Tech Solution,1766 - Tech Solution Inc.,Premium,A0008014240952,21,0,21,0,3.75,0,3.75,0,78.92,0,78.93,0,59.92,0,61.94,0,19,0,16.99,0
Standard Software,Norte,Tech Solution,1766 - Tech Solution Inc.,Premium,A0008109090951,30,0,0,0,2.45,0,0,0,73.6,0,0,0,60.95,0,0,0,12.65,0,0,0
Standard Software,Norte,Tech Solution,1766 - Tech Solution Inc.,Premium,A0008607670966,50,0,0,0,1.17,0,0,0,58.97,0,0,0,33.27,0,0,0,25.7,0,0,0
Standard Software,Norte,Tech Solution,1766 - Tech Solution Inc.,Premium,A0008876050051,4840,0,0,0,2.48,0,0,0,12012,0,0,0,5256.21,0,0,0,6755.79,0,0,0
Standard Software,Norte,Tech Solution,1766 - Tech Solution Inc.,Premium,A0008352540000,0,0,0,0,0,0,0,0,0,0,0,0,0,0,0,0,0,0,0,0
Standard Software,Norte,Tech Solution,1766 - Tech Solution Inc.,Premium,A0008072790060,0,0,0,0,0,0,0,0,0,0,0,0,0,0,0,0,0,0,0,0
Standard Software,Norte,Tech Solution,1766 - Tech Solution Inc.,Premium,A0008455400897,0,0,0,0,0,0,0,0,0,0,0,0,0,0,0,0,0,0,0,0
Standard Software,Norte,Tech Solution,1775 - Tech Solution Inc.,Analytics,A0008855710656,16366,13352,15000,10815,1.03,1.05,1.04,1.05,16964.16,14046.16,15681.82,11386.41,8600.19,7753.37,10541.14,7600.15,8363.97,6292.79,5140.68,3786.26
Standard Software,Norte,Tech Solution,1775 - Tech Solution Inc.,Analytics,A0008360580945,2485,3221,1000,1030,3.07,3.71,2.8,2.8,7648.56,11980.98,2800,2884,6855.87,16379.36,3542.37,3786.15,792.69,-4398.38,-742.37,-902.15
Standard Software,Norte,Tech Solution,1775 - Tech Solution Inc.,Analytics,A0008458970672,9425,9630,10038,7416,1.19,1.21,1.21,1.21,11251.83,11731.09,12228.1,9034.04,4996.22,4460.68,5676.07,4193.44,6255.61,7270.41,6552.03,4840.6
Standard Software,Norte,Tech Solution,1775 - Tech Solution Inc.,Analytics,A0008709040963,88,383,550,515,21.77,21.77,21.67,21.77,1916.34,8340.4,11920,11214.91,1371.29,5898.62,7584.39,7101.73,545.05,2441.78,4335.61,4113.18
Standard Software,Norte,Tech Solution,1775 - Tech Solution Inc.,Analytics,A0008388400896,324,513,945,0,7.64,7.64,7.64,0,2476.15,3920.56,7222.11,0,1818.7,2575.25,0,0,657.45,1345.31,7222.11,0
Standard Software,Norte,Tech Solution,1775 - Tech Solution Inc.,Analytics,A0008567000130,240,1280,1104,258,2.74,2.74,2.74,2.74,658.15,3510.11,3030.98,708.33,90.96,471.48,459.93,107.41,567.19,3038.63,2571.05,600.92
Standard Software,Norte,Tech Solution,1775 - Tech Solution Inc.,Analytics,A0008823060863,212,494,420,342,2.66,2.66,2.66,2.66,564.48,1315.35,1118.73,910.96,208.73,475.28,427.71,348.21,355.75,840.07,691.02,562.75
Standard Software,Norte,Tech Solution,1775 - Tech Solution Inc.,Analytics,A0008878890858,226,250,0,0,3.61,3.61,0,0,817.58,904.42,0,0,2137.92,1834.25,0,0,-1320.34,-929.83,0,0
Standard Software,Norte,Tech Solution,1775 - Tech Solution Inc.,Analytics,A0008371080940,0,489,1700,1030,0,1.73,1.69,1.73,0,847.7,2874.54,1785.52,0,598.35,2068.7,1253.35,0,249.35,805.84,532.17
Standard Software,Norte,Tech Solution,1775 - Tech Solution Inc.,Analytics,A0008628550924,0,320,1500,1030,0,1.68,1.68,1.68,0,538.18,2522.73,1736.6,0,154.82,766.33,526.18,0,383.36,1756.4,1210.42
Standard Software,Norte,Tech Solution,1775 - Tech Solution Inc.,Analytics,A0008675360895,99,273,0,0,1.72,1.72,0,0,171.21,472.11,0,0,135,372.27,0,0,36.21,99.84,0,0
Standard Software,Norte,Tech Solution,1775 - Tech Solution Inc.,Analytics,A0008947260941,0,32,170,130,0,6.52,6.52,6.52,0,208.87,1109.64,848.55,0,278.72,1523.16,1164.77,0,-69.85,-413.52,-316.22
Standard Software,Norte,Tech Solution,1775 - Tech Solution Inc.,Analytics,A0008453600874,224,22,0,0,4.18,4.18,0,0,937.15,92.04,0,0,968.36,95.11,0,0,-31.21,-3.07,0,0
Standard Software,Norte,Tech Solution,1775 - Tech Solution Inc.,Analytics,A0008127140939,0,0,0,0,0,0,0,0,0,0,0,0,0,0,0,0,0,0,0,0
Standard Software,Norte,Tech Solution,1775 - Tech Solution Inc.,Analytics,A0008023740060,0,0,0,0,0,0,0,0,0,0,0,0,0,0,0,0,0,0,0,0
Standard Software,Norte,Tech Solution,1775 - Tech Solution Inc.,Analytics,A0008274100870,640,0,0,0,1.44,0,0,0,925.09,0,0,0,517.12,0,0,0,407.97,0,0,0
Standard Software,Norte,Tech Solution,1775 - Tech Solution Inc.,Analytics,A0008023090596,0,0,0,0,0,0,0,0,0,0,0,0,0,0,0,0,0,0,0,0
Standard Software,Norte,Tech Solution,1775 - Tech Solution Inc.,Analytics,A0008415673013,0,0,0,193,0,0,0,1.41,0,0,0,273.71,0,0,0,2758.43,0,0,0,-2484.72
Standard Software,Norte,Tech Solution,1775 - Tech Solution Inc.,Analytics,A0008530650958,23,0,0,0,21.77,0,0,0,500.85,0,0,0,360.47,0,0,0,140.38,0,0,0
Standard Software,Norte,Tech Solution,1775 - Tech Solution Inc.,Analytics,A0008144390927,0,0,0,0,0,0,0,0,0,0,0,0,0,0,0,0,0,0,0,0
Standard Software,Norte,Tech Solution,1775 - Tech Solution Inc.,Analytics,A0008258580930,648,0,0,0,3.38,0,0,0,2194.55,0,0,0,1219.42,0,0,0,975.13,0,0,0
Standard Software,Norte,Tech Solution,1775 - Tech Solution Inc.,Analytics,A0008631690836,0,0,0,0,0,0,0,0,0,0,0,0,0,0,0,0,0,0,0,0
Standard Software,Norte,Tech Solution,1775 - Tech Solution Inc.,Analytics,A0008143820927,115,0,0,0,20.76,0,0,0,2388.44,0,0,0,1569.96,0,0,0,818.48,0,0,0
Standard Software,Norte,Tech Solution,1775 - Tech Solution Inc.,Premium,A0008333380056,1144,208,0,0,13.18,13.18,0,0,15080,2741.82,0,0,5704.66,1187.69,0,0,9375.34,1554.13,0,0
Standard Software,Norte,Tech Solution,1775 - Tech Solution Inc.,Premium,A0008352680592,92,81,74,0,26.77,26.77,26.77,0,2463.09,2168.59,1981.18,0,205.14,197.44,292.43,0,2257.95,1971.15,1688.75,0
Standard Software,Norte,Tech Solution,1775 - Tech Solution Inc.,Premium,A0008876050051,440,440,0,0,2.48,2.48,0,0,1093.2,1093.2,0,0,477.84,518.24,0,0,615.36,574.96,0,0
Standard Software,Norte,Tech Solution,1775 - Tech Solution Inc.,Premium,A0008985580508,414,414,210,214,2.03,2.03,1.59,1.59,842.95,842.95,334.09,340.45,467.71,377.28,225.32,229.58,375.24,465.67,108.77,110.87
Standard Software,Norte,Tech Solution,1775 - Tech Solution Inc.,Premium,A0008026330060,120,500,300,255,1.1,1.48,1.02,1.02,132.55,740.67,308.18,262.58,141.82,654.54,392.73,333.81,-9.27,86.13,-84.55,-71.23
Standard Software,Norte,Tech Solution,1775 - Tech Solution Inc.,Premium,A0008449720857,211,621,100,510,1.02,1.02,1.02,1.02,216.77,637.99,102.73,523.91,202.23,466.2,72.52,370,14.54,171.79,30.21,153.91
Standard Software,Norte,Tech Solution,1775 - Tech Solution Inc.,Premium,A0008767050535,147,237,200,0,2.41,2.58,2.63,0,355.03,611.89,527.27,0,398.59,642.62,542.22,0,-43.56,-30.73,-14.95,0
Standard Software,Norte,Tech Solution,1775 - Tech Solution Inc.,Premium,A0008381670855,274,286,200,0,2.09,2.11,2.1,0,573.37,603.95,420,0,405.15,415.89,240.18,0,168.22,188.06,179.82,0
Standard Software,Norte,Tech Solution,1775 - Tech Solution Inc.,Premium,A0008144750630,0,368,200,204,0,1.56,1.56,1.56,0,575.42,312.73,318.98,0,411.17,253.02,258.11,0,164.25,59.71,60.87
Standard Software,Norte,Tech Solution,1775 - Tech Solution Inc.,Premium,A0008210140660,528,534,1200,1020,0.95,0.95,0.95,0.95,506.35,512.1,1145.45,978.15,390.7,426.91,1080,918,115.65,85.19,65.45,60.15
Standard Software,Norte,Tech Solution,1775 - Tech Solution Inc.,Premium,A0008744930537,210,210,0,0,2.03,2.03,0,0,427.65,427.65,0,0,473.99,447.6,0,0,-46.34,-19.95,0,0
Standard Software,Norte,Tech Solution,1775 - Tech Solution Inc.,Premium,A0008886450589,0,180,225,204,0,2.21,2.2,2.21,0,398.79,497.05,451.97,0,268.86,376.74,341.56,0,129.93,120.31,110.41
Standard Software,Norte,Tech Solution,1775 - Tech Solution Inc.,Premium,A0008852750101,65,68,0,0,5.5,5.5,0,0,358.09,374.62,0,0,444.36,547.71,0,0,-86.27,-173.09,0,0
Standard Software,Norte,Tech Solution,1775 - Tech Solution Inc.,Premium,A0008105490927,63,289,420,408,1.17,1.17,1.19,1.19,74.01,339.49,500.18,485.89,62.49,231.82,365.73,355.28,11.52,107.67,134.45,130.61
Standard Software,Norte,Tech Solution,1775 - Tech Solution Inc.,Premium,A0008676370104,150,450,0,0,0.74,0.74,0,0,112.33,336.97,0,0,139.71,384.62,0,0,-27.38,-47.65,0,0
Standard Software,Norte,Tech Solution,1775 - Tech Solution Inc.,Premium,A0008819700937,30,152,320,255,2.63,2.17,2.63,2.63,79.03,331.11,843.64,672.27,42.6,165.67,366.44,291.98,36.43,165.44,477.2,380.29
Standard Software,Norte,Tech Solution,1775 - Tech Solution Inc.,Premium,A0008625600597,251,154,160,0,1.77,1.89,1.89,0,444.37,292.46,302.55,0,312.66,161.38,189.94,0,131.71,131.08,112.61,0
Standard Software,Norte,Tech Solution,1775 - Tech Solution Inc.,Premium,A0008740500587,276,138,600,612,1.92,1.92,1.92,1.92,531.93,265.96,1156.36,1179.49,356.85,143.08,670.41,683.84,175.08,122.88,485.95,495.65
Standard Software,Norte,Tech Solution,1775 - Tech Solution Inc.,Premium,A0008785540937,56,169,170,153,1.54,1.54,1.56,1.56,86.63,261.43,265.82,239.24,32.21,92.31,99.28,89.34,54.42,169.12,166.54,149.9
Standard Software,Norte,Tech Solution,1775 - Tech Solution Inc.,Premium,A0008643690588,0,228,0,0,0,1.13,0,0,0,258.65,0,0,0,173.88,0,0,0,84.77,0,0
Standard Software,Norte,Tech Solution,1775 - Tech Solution Inc.,Premium,A0008105220927,51,151,250,271,1.65,1.65,1.65,1.65,84.36,249.78,413.64,448.38,35.62,89.38,158.3,171.62,48.74,160.4,255.34,276.76
Standard Software,Norte,Tech Solution,1775 - Tech Solution Inc.,Premium,A0008812010618,0,150,0,0,0,1.62,0,0,0,244.01,0,0,0,219.55,0,0,0,24.46,0,0
Standard Software,Norte,Tech Solution,1775 - Tech Solution Inc.,Premium,A0008185040545,340,340,350,357,0.68,0.68,0.68,0.68,231.82,231.82,238.64,244,239.37,244.31,300.47,306.48,-7.55,-12.49,-61.83,-62.48
Standard Software,Norte,Tech Solution,1775 - Tech Solution Inc.,Premium,A0008455400897,0,206,120,123,0,1.1,1.1,1.1,0,228.55,133.09,136.42,0,152.8,89.34,91.58,0,75.75,43.75,44.84
Standard Software,Norte,Tech Solution,1775 - Tech Solution Inc.,Premium,A0008875450937,0,65,0,0,0,3.26,0,0,0,212.1,0,0,0,95.47,0,0,0,116.63,0,0
Standard Software,Norte,Tech Solution,1775 - Tech Solution Inc.,Premium,A0008115700860,57,139,100,102,1.41,1.43,1.41,1.41,80.79,199.16,141.82,144.65,65.73,156.88,108.52,110.7,15.06,42.28,33.3,33.95
Standard Software,Norte,Tech Solution,1775 - Tech Solution Inc.,Premium,A0008037370864,414,207,500,510,0.95,0.95,0.95,0.95,397.07,198.54,477.27,489.16,368.87,161.71,347.09,354.04,28.2,36.83,130.18,135.12
Standard Software,Norte,Tech Solution,1775 - Tech Solution Inc.,Premium,A0008184820545,600,300,600,612,0.63,0.63,0.63,0.63,380.4,190.2,381.82,390.42,533.35,294.16,2174.37,2217.83,-152.95,-103.96,-1792.55,-1827.41
Standard Software,Norte,Tech Solution,1775 - Tech Solution Inc.,Premium,A0008947600890,0,108,108,0,0,1.71,1.71,0,0,185.55,185.56,0,0,131,142.06,0,0,54.55,43.5,0
Standard Software,Norte,Tech Solution,1775 - Tech Solution Inc.,Premium,A0008767260938,51,85,300,153,1.86,1.86,1.86,1.86,95.06,158.44,559.09,285.14,32.36,46.89,192.39,98.09,62.7,111.55,366.7,187.05
Standard Software,Norte,Tech Solution,1775 - Tech Solution Inc.,Premium,A0008875370937,27,139,100,102,1.01,1.01,1.01,1.01,27.45,141.29,101.82,103.85,16.09,78.22,66.97,68.3,11.36,63.07,34.85,35.55
Standard Software,Norte,Tech Solution,1775 - Tech Solution Inc.,Premium,A0008423980133,172,220,250,255,0.61,0.61,0.6,0.6,104.92,134.2,152.27,155.54,101.74,131.75,208.16,212.34,3.18,2.45,-55.89,-56.8
Standard Software,Norte,Tech Solution,1775 - Tech Solution Inc.,Premium,A0008223340941,21,107,294,238,0.69,0.69,0.7,0.7,14.63,74.53,205.8,166.6,12.08,60.2,203.25,164.55,2.55,14.33,2.55,2.05
Standard Software,Norte,Tech Solution,1775 - Tech Solution Inc.,Premium,A0008358360957,0,35,50,51,0,1.38,1.39,1.39,0,48.54,69.55,70.94,0,36.91,51.52,52.53,0,11.63,18.03,18.41
Standard Software,Norte,Tech Solution,1775 - Tech Solution Inc.,Premium,A0008731360174,15,41,50,51,0.81,0.81,0.83,0.83,12.18,33.29,41.82,42.65,11.78,34.05,60.21,61.4,0.4,-0.76,-18.39,-18.75
Standard Software,Norte,Tech Solution,1775 - Tech Solution Inc.,Premium,A0008538890188,39,33,50,51,0.63,0.63,0.63,0.63,24.75,20.94,31.71,32.45,27.05,24.07,50.35,51.35,-2.3,-3.13,-18.64,-18.9
Standard Software,Norte,Tech Solution,1775 - Tech Solution Inc.,Premium,A0008767420511,0,30,100,102,0,0.57,0.58,0.58,0,17.17,58.18,59.35,0,20.06,74.23,75.71,0,-2.89,-16.05,-16.36
Standard Software,Norte,Tech Solution,1775 - Tech Solution Inc.,Premium,A0008799120936,0,16,120,122,0,0.87,0.87,0.87,0,14.01,104.73,106.8,0,11.36,91.92,93.49,0,2.65,12.81,13.31
Standard Software,Norte,Tech Solution,1775 - Tech Solution Inc.,Premium,A0008658320523,0,0,150,0,0,0,0.57,0,0,0,85.91,0,0,0,119.76,0,0,0,-33.85,0
Standard Software,Norte,Tech Solution,1775 - Tech Solution Inc.,Premium,A0008424280133,0,0,0,0,0,0,0,0,0,0,0,0,0,0,0,0,0,0,0,0
Standard Software,Norte,Tech Solution,1775 - Tech Solution Inc.,Premium,A0008522650104,276,0,280,286,0.72,0,0.81,0.81,199.5,0,229.09,234,279.66,0,285.95,292.08,-80.16,0,-56.86,-58.08
Standard Software,Norte,Tech Solution,1775 - Tech Solution Inc.,Premium,A0008440600171,180,0,180,0,0.98,0,0.98,0,176.58,0,176.57,0,208.21,0,206.18,0,-31.63,0,-29.61,0
Standard Software,Norte,Tech Solution,1775 - Tech Solution Inc.,Premium,A0008451080167,0,0,350,357,0,0,0.71,0.72,0,0,251.36,257.04,0,0,959.93,979.12,0,0,-708.57,-722.08
Standard Software,Norte,Tech Solution,1775 - Tech Solution Inc.,Premium,A0008609840113,1800,0,0,0,0.92,0,0,0,1669.09,0,0,0,1353.76,0,0,0,315.33,0,0,0
Standard Software,Norte,Tech Solution,1775 - Tech Solution Inc.,Premium,A0008952070182,0,0,0,0,0,0,0,0,0,0,0,0,0,0,0,0,0,0,0,0
Standard Software,Norte,Tech Solution,1775 - Tech Solution Inc.,Premium,A0008591730525,0,0,100,235,0,0,0.79,0.79,0,0,79.09,185.86,0,0,116.65,274.24,0,0,-37.56,-88.38
Standard Software,Norte,Tech Solution,1775 - Tech Solution Inc.,Premium,A0008669793002,0,0,28,0,0,0,3.3,0,0,0,92.65,0,0,0,49.68,0,0,0,42.97,0
Standard Software,Norte,Tech Solution,1775 - Tech Solution Inc.,Premium,A0008616710104,516,0,0,0,0.7,0,0,0,365.85,0,0,0,423.6,0,0,0,-57.75,0,0,0
Standard Software,Norte,Tech Solution,1775 - Tech Solution Inc.,Premium,A0008609760113,3000,0,100,1020,0.64,0,0.65,0.65,1936.36,0,65.45,669.35,1499.72,0,64.73,660.67,436.64,0,0.72,8.68
Standard Software,Norte,Tech Solution,1775 - Tech Solution Inc.,Premium,A0008012000043,76,0,0,0,1.18,0,0,0,89.82,0,0,0,100.18,0,0,0,-10.36,0,0,0
Standard Software,Norte,Tech Solution,1775 - Tech Solution Inc.,Premium,A0008736260170,0,0,0,0,0,0,0,0,0,0,0,0,0,0,0,0,0,0,0,0
Standard Software,Norte,Tech Solution,1775 - Tech Solution Inc.,Premium,A0008296990855,0,0,0,0,0,0,0,0,0,0,0,0,0,0,0,0,0,0,0,0
Standard Software,Norte,Tech Solution,1775 - Tech Solution Inc.,Premium,A0008104920927,0,0,53,0,0,0,1.55,0,0,0,82.5,0,0,0,30.56,0,0,0,51.94,0
Standard Software,Norte,Tech Solution,1775 - Tech Solution Inc.,Premium,A0008612060504,0,0,0,0,0,0,0,0,0,0,0,0,0,0,0,0,0,0,0,0
Standard Software,Norte,Tech Solution,1775 - Tech Solution Inc.,Premium,A0008761820100,157,0,0,0,1.59,0,0,0,249.77,0,0,0,108.45,0,0,0,141.32,0,0,0
Standard Software,Norte,Tech Solution,1775 - Tech Solution Inc.,Premium,A0008022420060,471,0,0,0,1.9,0,0,0,894.9,0,0,0,646.55,0,0,0,248.35,0,0,0
Standard Software,Norte,Tech Solution,1788 - Tech Analytics,Analytics,A0008855710656,0,2,0,0,0,1.05,0,0,0,2.1,0,0,0,1.16,0,0,0,0.94,0,0
Standard Software,Norte,GoodServices ,5003 - GoodServices - Tech,Premium,A0008363540713,0,6845,6845,1242,0,1.12,1.12,1.12,0,7716.18,7716.18,1400.07,0,6984.4,8913.38,1617.24,0,731.78,-1197.2,-217.17
Standard Software,Norte,GoodServices ,5003 - GoodServices - Tech,Premium,A0008310750139,0,5900,5640,3122,0,1.18,1.18,1.18,0,6972.73,6665.45,3689.64,0,6326.41,8445.59,4675.02,0,646.32,-1780.14,-985.38
Standard Software,Norte,GoodServices ,5003 - GoodServices - Tech,Premium,A0008573300506,0,8000,6030,1502,0,0.73,0.73,0.73,0,5890.91,4440.27,1106.02,0,4856.73,4803.65,1196.49,0,1034.18,-363.38,-90.47
Standard Software,Norte,GoodServices ,5003 - GoodServices - Tech,Premium,A0008310830139,0,5200,7240,4712,0,1.1,1.1,1.1,0,5767.27,8029.82,5226.04,0,7081.92,13035.23,8483.69,0,-1314.65,-5005.41,-3257.65
Standard Software,Norte,GoodServices ,5003 - GoodServices - Tech,Premium,A0008707640627,0,4400,4550,3516,0,1.07,0.89,1.07,0,4720,4053.63,3771.71,0,5257.6,6999.93,5409.13,0,-537.6,-2946.3,-1637.42
Standard Software,Norte,GoodServices ,5003 - GoodServices - Tech,Premium,A0008505610526,0,2850,4500,2500,0,0.99,1.01,1.01,0,2834.45,4581.82,2545.45,0,2791.19,5642.96,3134.96,0,43.26,-1061.14,-589.51
Standard Software,Norte,GoodServices ,5003 - GoodServices - Tech,Premium,A0008538890188,0,1000,0,250,0,0.63,0,0.63,0,634.55,0,158.98,0,729.19,0,252.1,0,-94.64,0,-93.12
Standard Software,Norte,GoodServices ,5003 - GoodServices - Tech,Premium,A0008175680102,0,0,1386,959,0,0,3.83,3.84,0,0,5317.19,3688.27,0,0,3654.47,2528.58,0,0,1662.72,1159.69
Standard Software,Norte,GoodServices ,5003 - GoodServices - Tech,Premium,A0008211000507,0,0,2280,6500,0,0,0.7,0.7,0,0,1616.73,4609.09,0,0,3139.91,8951.62,0,0,-1523.18,-4342.53
Standard Software,Norte,GoodServices ,5003 - GoodServices - Tech,Premium,A0008424280133,0,0,1500,1154,0,0,1.09,1.09,0,0,1636.36,1258.91,0,0,1953.21,1502.66,0,0,-316.85,-243.75
Standard Software,Norte,GoodServices ,1695 - GoodServices - Light Ships,Storage,A0008100900520,0,0,1250,1250,0,0,4.78,4.79,0,0,5977.26,5992.23,0,0,2209.05,2209.08,0,0,3768.21,3783.15
Standard Software,Norte,GoodServices ,1695 - GoodServices - Light Ships,Analytics,A0008324580861,0,0,4000,3405,0,0,8.17,8.19,0,0,32703.28,27908.27,0,0,25903.23,22050.11,0,0,6800.05,5858.16
Standard Software,Norte,GoodServices ,1695 - GoodServices - Light Ships,Analytics,A0008372510932,0,0,0,0,0,0,0,0,0,0,0,0,0,0,0,0,0,0,0,0
Standard Software,Norte,GoodServices ,1695 - GoodServices - Light Ships,Analytics,A0008519900897,0,0,350,0,0,0,43.86,0,13377.72,0,15351.41,0,0,0,6635.76,0,13377.72,0,8715.65,0
Standard Software,Norte,GoodServices ,1695 - GoodServices - Light Ships,Analytics,A0008598810069,0,0,6775,7409,0,0,0.64,0.64,0,0,4365.93,4774.49,0,0,6368.39,6964.34,0,0,-2002.46,-2189.85
Standard Software,Norte,GoodServices ,1695 - GoodServices - Light Ships,Analytics,A0008384950844,0,0,100,52,0,0,30.79,30.78,0,0,3079.07,1601.02,0,0,2599.09,1351.53,0,0,479.98,249.49
Standard Software,Norte,GoodServices ,1695 - GoodServices - Light Ships,Analytics,A0008975800509,0,0,0,275,0,0,0,17.97,0,0,0,4942.28,0,0,0,1292.5,0,0,0,3649.78
Standard Software,Norte,GoodServices ,1695 - GoodServices - Light Ships,Analytics,A0008974500865,0,0,40500,42035,0,0,1.01,1.01,0,0,40934.45,42485.93,0,0,28206.35,29275.42,0,0,12728.1,13210.51
Standard Software,Norte,GoodServices ,1695 - GoodServices - Light Ships,Analytics,A0008708550528,0,0,0,277,0,0,0,22.74,0,0,0,6301.12,0,0,0,3035.86,0,0,0,3265.26
Standard Software,Norte,GoodServices ,1695 - GoodServices - Light Ships,Analytics,A0008937550925,0,0,4250,4250,0,0,25.53,25.53,0,0,108529.55,108529.55,0,0,62479.2,62479.23,0,0,46050.35,46050.32
Standard Software,Norte,GoodServices ,1695 - GoodServices - Light Ships,Analytics,A0008709010528,0,0,0,279,0,0,0,81.96,0,0,0,22869.08,0,0,0,44640,0,0,0,-21770.92
Standard Software,Norte,GoodServices ,1695 - GoodServices - Light Ships,Analytics,A0008117790935,0,0,600,545,0,0,25.4,25.4,0,0,15240,13843,0,0,8718.87,7919.66,0,0,6521.13,5923.34
Standard Software,Norte,GoodServices ,1695 - GoodServices - Light Ships,Analytics,A0008741740539,0,0,50,50,0,0,68.27,68.44,0,0,3413.64,3422.16,0,0,1899.1,1899.09,0,0,1514.54,1523.07
Standard Software,Norte,GoodServices ,1695 - GoodServices - Light Ships,Analytics,A0008287600856,0,0,4788,2700,0,0,8.53,8.55,0,0,40876.31,23108.2,0,0,29032.69,16371.82,0,0,11843.62,6736.38
Standard Software,Norte,GoodServices ,1695 - GoodServices - Light Ships,Analytics,A0008346840541,0,0,0,0,0,0,0,0,0,0,0,0,0,0,0,0,0,0,0,0
Standard Software,Norte,GoodServices ,1695 - GoodServices - Light Ships,Analytics,A0008852610864,0,0,6200,0,0,0,35.41,0,0,0,219592.73,0,0,0,104331.88,0,0,0,115260.85,0
Standard Software,Norte,GoodServices ,1695 - GoodServices - Light Ships,Analytics,A0008556130670,0,0,2340,2750,0,0,0.88,0.88,0,0,2063.45,2431.05,0,0,2598.04,3053.27,0,0,-534.59,-622.22
Standard Software,Norte,GoodServices ,1695 - GoodServices - Light Ships,Analytics,A0008049120887,0,0,2300,2367,0,0,6.52,6.54,0,0,15014.29,15490.27,0,0,15607.95,16062.63,0,0,-593.66,-572.36
Standard Software,Norte,GoodServices ,1695 - GoodServices - Light Ships,Analytics,A0008805890686,0,0,2700,3333,0,0,24.43,24.49,0,0,65978.18,81650,0,0,51891.39,64435.29,0,0,14086.79,17214.71
Standard Software,Norte,GoodServices ,1695 - GoodServices - Light Ships,Analytics,A0008932590925,0,0,0,100,0,0,0,31.59,0,0,0,3159.09,0,0,0,1740,0,0,0,1419.09
Standard Software,Norte,GoodServices ,1695 - GoodServices - Light Ships,Analytics,A0008809510714,0,0,0,0,0,0,0,0,0,0,0,0,0,0,0,0,0,0,0,0
Standard Software,Norte,GoodServices ,1695 - GoodServices - Light Ships,Analytics,A0008818830926,0,0,0,0,0,0,0,0,0,0,0,0,0,0,0,0,0,0,0,0
Standard Software,Norte,GoodServices ,1695 - GoodServices - Light Ships,Analytics,A0008058360785,0,0,2520,0,0,0,23.05,0,0,0,58109.75,0,0,0,56185.41,0,0,0,1924.34,0
Standard Software,Norte,GoodServices ,1695 - GoodServices - Light Ships,Analytics,A0008648100932,0,0,0,59,0,0,0,12.7,0,0,0,749.41,0,0,0,524.46,0,0,0,224.95
Standard Software,Norte,GoodServices ,1695 - GoodServices - Light Ships,Analytics,A0008934170785,0,0,800,845,0,0,34.06,34.06,0,0,27248.58,28781.25,0,0,21482.93,22691.34,0,0,5765.65,6089.91
Standard Software,Norte,GoodServices ,1695 - GoodServices - Light Ships,Analytics,A0008472580056,0,0,20,20,0,0,3.94,3.95,0,0,78.91,79.09,0,0,35.82,36,0,0,43.09,43.09
Standard Software,Norte,GoodServices ,1695 - GoodServices - Light Ships,Analytics,A0008637430831,0,0,0,1875,0,0,0,0.78,0,0,0,1465.91,0,0,0,1852.12,0,0,0,-386.21
Standard Software,Norte,GoodServices ,1695 - GoodServices - Light Ships,Analytics,A0008188800595,0,0,1800,690,0,0,56.88,56.88,0,-4930.91,102387.26,39248.45,0,0,42536.24,16305.53,0,-4930.91,59851.02,22942.92
Standard Software,Norte,GoodServices ,1695 - GoodServices - Light Ships,Premium,A0008505610526,0,0,0,0,0,0,0,0,0,0,0,0,0,0,0,0,0,0,0,0
Standard Software,Norte,GoodServices ,1695 - GoodServices - Light Ships,Premium,A0008649010863,0,0,300,317,0,0,0.62,0.62,0,0,187.45,198.63,0,0,56.82,60.04,0,0,130.63,138.59
Standard Software,Norte,GoodServices ,1695 - GoodServices - Light Ships,Premium,A0008374150713,0,0,0,375,0,0,0,1,0,0,0,376.72,0,0,0,334.2,0,0,0,42.52
Standard Software,Norte,GoodServices ,1695 - GoodServices - Light Ships,Premium,A0008353430057,0,0,0,50,0,0,0,1.06,0,0,0,53.29,0,0,0,44.22,0,0,0,9.07
Standard Software,Norte,GoodServices ,1695 - GoodServices - Light Ships,Premium,A0008577180505,0,0,0,2304,0,0,0,0.4,0,0,0,923.9,0,0,0,535.09,0,0,0,388.81
Standard Software,Norte,GoodServices ,1695 - GoodServices - Light Ships,Premium,A0008072790060,0,0,1600,1875,0,0,0.7,0.7,0,0,1123.15,1316.2,0,0,942.34,1104.32,0,0,180.81,211.88
Standard Software,Norte,GoodServices ,1695 - GoodServices - Light Ships,Premium,A0008707640627,0,0,2800,3570,0,0,0.89,0.89,0,0,2494.55,3180.55,0,0,4307.62,5492.22,0,0,-1813.07,-2311.67
Standard Software,Norte,GoodServices ,1695 - GoodServices - Light Ships,Premium,A0008094920060,0,0,1250,1256,0,0,2.15,2.15,0,0,2690.88,2710.58,0,0,1448.83,1455.78,0,0,1242.05,1254.8
Standard Software,Norte,GoodServices ,1695 - GoodServices - Light Ships,Premium,A0008389810767,0,0,1500,1040,0,0,0.81,0.81,0,0,1228.65,851.83,0,0,719.68,498.95,0,0,508.97,352.88
Standard Software,Norte,GoodServices ,1695 - GoodServices - Light Ships,Premium,A0008116240060,0,0,800,738,0,0,1.41,1.42,0,0,1134.55,1049.26,0,0,1106.59,1020.79,0,0,27.96,28.47
Standard Software,Norte,GoodServices ,1695 - GoodServices - Light Ships,Premium,A0008600810950,0,0,10,10,0,0,6.92,6.92,0,0,69.27,69.27,0,0,66.18,63.82,0,0,3.09,5.45
Standard Software,Norte,GoodServices ,1695 - GoodServices - Light Ships,Premium,A0008932560060,0,0,680,556,0,0,5.03,5.04,0,0,3424.72,2807.2,0,0,1952.67,1596.58,0,0,1472.05,1210.62
Standard Software,Norte,GoodServices ,1695 - GoodServices - Light Ships,Premium,A0008573300506,0,0,0,0,0,0,0,0,0,0,0,0,0,0,0,0,0,0,0,0
Standard Software,Norte,GoodServices ,1695 - GoodServices - Light Ships,Premium,A0008091770097,0,0,0,53,0,0,0,0.85,0,0,0,45.49,0,0,0,51.93,0,0,0,-6.44
Standard Software,Norte,GoodServices ,1695 - GoodServices - Light Ships,Premium,A0008902680555,0,0,150,211,0,0,2,2,0,0,300.7,422.93,0,0,200.34,281.76,0,0,100.36,141.17
Standard Software,Norte,GoodServices ,1695 - GoodServices - Light Ships,Premium,A0008175680102,0,0,0,20,0,0,0,3.84,0,0,0,76.91,0,0,0,52.73,0,0,0,24.18
Standard Software,Norte,GoodServices ,1695 - GoodServices - Light Ships,Premium,A0008373850713,0,0,0,24,0,0,0,0.77,0,0,0,18.55,0,0,0,19.53,0,0,0,-0.98
Standard Software,Norte,GoodServices ,1695 - GoodServices - Light Ships,Premium,A0008423980133,0,0,0,50,0,0,0,0.57,211.86,0,0,28.53,0,0,0,41.6,211.86,0,0,-13.07
Standard Software,Norte,GoodServices ,1695 - GoodServices - Light Ships,Premium,A0008841000740,0,0,0,0,0,0,0,0,0,0,0,0,0,0,0,0,0,0,0,0
Standard Software,Norte,GoodServices ,1695 - GoodServices - Light Ships,Premium,A0008424280133,0,0,0,291,0,0,0,1.22,0,0,0,357.58,0,0,0,378.89,0,0,0,-21.31
Standard Software,Norte,GoodServices ,1695 - GoodServices - Light Ships,Premium,A0008381670855,0,0,0,0,0,0,0,0,0,0,0,0,0,0,0,0,0,0,0,0
Standard Software,Norte,GoodServices ,1695 - GoodServices - Light Ships,Premium,A0008310750139,0,0,2500,3150,0,0,1.18,1.18,0,0,2954.55,3722.73,0,0,3743.58,4716.92,0,0,-789.03,-994.19
Standard Software,Norte,GoodServices ,1695 - GoodServices - Light Ships,Premium,A0008771700894,0,0,50,50,0,0,2.41,2.41,0,0,120.91,120.91,0,0,77.08,77.06,0,0,43.83,43.85
Standard Software,Norte,GoodServices ,1695 - GoodServices - Light Ships,Premium,A0008310830139,0,0,0,630,0,0,0,1.1,0,0,0,698.73,0,0,0,1134.22,0,0,0,-435.49
Standard Software,Norte,GoodServices ,1695 - GoodServices - Light Ships,Premium,A0008770280011,0,0,0,31,0,0,0,10.93,0,0,0,339.03,0,0,0,48.08,0,0,0,290.95
Standard Software,Norte,GoodServices ,1695 - GoodServices - Light Ships,Premium,A0008996590197,0,0,0,3122,0,0,0,1.05,0,0,0,3292.26,0,0,0,4807.27,0,0,0,-1515.01
Standard Software,Norte,GoodServices ,1800 - GoodServices - Light Ships,Premium,A0008633920097,0,0,0,0,0,0,0,0,0,0,0,0,0,0,0,0,0,0,0,0
Standard Software,Norte,GoodServices ,2673 - GoodServices - Light Ships,Storage,A0008100900520,5495,0,0,2000,2.81,0,0,4.79,15485.91,0,0,9587.54,8721.37,0,0,3534.55,6764.54,0,0,6052.99
Standard Software,Norte,GoodServices ,2673 - GoodServices - Light Ships,Analytics,A0008852610864,18300,27448,17400,17400,18.64,35.41,35.41,35.41,341208.63,972158.25,616276.36,616276.36,228658.56,409451.85,292802.39,292802.41,112550.07,562706.4,323473.97,323473.95
Standard Software,Norte,GoodServices ,2673 - GoodServices - Light Ships,Analytics,A0008519900897,7740,15144,8400,2600,33.59,33.5,43.86,43.86,260002.15,507403.92,368433.76,114038.98,144173.02,324950.34,159259.36,49294.53,115829.13,182453.58,209174.4,64744.45
Standard Software,Norte,GoodServices ,2673 - GoodServices - Light Ships,Analytics,A0008188800595,4840,11216,960,0,42.92,42.92,56.87,0,207753.88,481439.59,54604.7,0,136491.96,295016.51,22685.99,0,71261.92,186423.08,31918.71,0
Standard Software,Norte,GoodServices ,2673 - GoodServices - Light Ships,Analytics,A0008058360785,9437,11345,10000,10000,22.4,21.04,22.4,26.88,211460.61,238726.82,224075.45,268819.58,261865.61,292047.13,222958.13,222958.16,-50405,-53320.31,1117.32,45861.42
Standard Software,Norte,GoodServices ,2673 - GoodServices - Light Ships,Analytics,A0008805890686,5085,9270,9200,6840,24.43,24.43,24.43,24.49,124258.91,226525.09,224814.55,167562.53,226611.13,165797.38,176815.32,132234.51,-102352.22,60727.71,47999.23,35328.02
Standard Software,Norte,GoodServices ,2673 - GoodServices - Light Ships,Analytics,A0008741740539,1692,3110,1800,1000,30.36,59.56,68.27,68.44,51375.27,185239.76,122890.91,68443.42,74146.06,122788.73,68369.99,37983.31,-22770.79,62451.03,54520.92,30460.11
Standard Software,Norte,GoodServices ,2673 - GoodServices - Light Ships,Analytics,A0008372510932,11392,20468,4650,0,7.2,7.17,7.2,0,82035.16,146918.62,33480,0,84978.09,150700.29,40930.94,0,-2942.93,-3781.67,-7450.94,0
Standard Software,Norte,GoodServices ,2673 - GoodServices - Light Ships,Analytics,A0008937550925,2632,5122,5200,3719,25.53,25.53,25.53,25.95,67211.71,130797.25,132789.09,96542.18,39535.78,79472.05,76445.16,54672.93,27675.93,51325.2,56343.93,41869.25
Standard Software,Norte,GoodServices ,2673 - GoodServices - Light Ships,Analytics,A0008934170785,1650,2888,1657,861,34.06,30.04,34.06,34.06,56200.2,86759.99,56438.49,29326.27,53705.25,89645.63,44496.56,23120.99,2494.95,-2885.64,11941.93,6205.28
Standard Software,Norte,GoodServices ,2673 - GoodServices - Light Ships,Analytics,A0008346840541,476,1005,0,100,57.9,68.45,0,80.93,27564.73,68798.29,0,8093.85,24627.81,50018.84,0,4532.94,2936.92,18779.45,0,3560.91
Standard Software,Norte,GoodServices ,2673 - GoodServices - Light Ships,Analytics,A0008287600856,7448,7952,3724,2313,8.53,8.53,10.68,10.7,63585.33,67888.14,39780.64,24769.8,54497.86,56773.64,22580.97,14025.19,9087.47,11114.5,17199.67,10744.61
Standard Software,Norte,GoodServices ,2673 - GoodServices - Light Ships,Analytics,A0008324580861,3368,7692,5100,2491,8.17,8.17,8.17,8.19,27536.15,62888.39,41680.91,20416.86,23881.58,53269.22,33026.63,16131.22,3654.57,9619.17,8654.28,4285.64
Standard Software,Norte,GoodServices ,2673 - GoodServices - Light Ships,Analytics,A0008818830926,72960,54720,29280,16300,0.88,0.88,0.88,0.88,64756.65,48567.49,25987.85,14467.29,29064.62,21186.58,12720.79,7081.55,35692.03,27380.91,13267.06,7385.74
Standard Software,Norte,GoodServices ,2673 - GoodServices - Light Ships,Analytics,A0008974500865,8480,34720,55200,11387,1.01,1.01,1.01,1.01,8570.96,35092.46,55792.2,11509.13,6238.96,25475.01,38444.23,7930.48,2332,9617.45,17347.97,3578.65
Standard Software,Norte,GoodServices ,2673 - GoodServices - Light Ships,Analytics,A0008734700560,7125,2920,0,0,11.54,11.54,0,0,82261.36,33712.73,0,0,66763.85,24469.61,0,0,15497.51,9243.12,0,0
Standard Software,Norte,GoodServices ,2673 - GoodServices - Light Ships,Analytics,A0008732160560,0,1920,0,0,0,11.54,0,0,0,22167.27,0,0,0,17414.41,0,0,0,4752.86,0,0
Standard Software,Norte,GoodServices ,2673 - GoodServices - Light Ships,Analytics,A0008049120887,2744,3304,2800,800,6.52,6.52,6.52,6.54,17912.78,21568.43,18278.05,5235.45,20226.05,21820.87,19001,5428.82,-2313.27,-252.44,-722.95,-193.37
Standard Software,Norte,GoodServices ,2673 - GoodServices - Light Ships,Analytics,A0008598810069,13572,15912,7488,2000,0.63,0.63,0.64,0.64,8666.58,10160.83,4833.07,1290.91,8777.51,12764.02,7038.59,1879.9,-110.93,-2603.19,-2205.52,-588.99
Standard Software,Norte,GoodServices ,2673 - GoodServices - Light Ships,Analytics,A0008556130670,7995,9555,3900,2253,0.88,0.87,0.88,0.88,7050.14,8404.65,3439.09,1991.71,6461.76,12559.78,4330.14,2501.43,588.38,-4155.13,-891.05,-509.72
Standard Software,Norte,GoodServices ,2673 - GoodServices - Light Ships,Analytics,A0008708550528,364,448,353,352,18.68,18.68,22.69,22.74,6800.53,8369.87,8009.89,8007.15,3044.48,4771.2,3868.83,3857.86,3756.05,3598.67,4141.06,4149.29
Standard Software,Norte,GoodServices ,2673 - GoodServices - Light Ships,Analytics,A0008117790935,23,287,584,165,25.4,25.4,25.4,25.4,584.2,7289.8,14833.6,4191,344.55,4313.09,8486.35,2397.67,239.65,2976.71,6347.25,1793.33
Standard Software,Norte,GoodServices ,2673 - GoodServices - Light Ships,Analytics,A0008116470935,325,297,325,313,24.21,24.21,24.21,24.21,7870.91,7192.8,7870.91,7580.29,4610.68,4230.9,4454.88,4290.42,3260.23,2961.9,3416.03,3289.87
Standard Software,Norte,GoodServices ,2673 - GoodServices - Light Ships,Analytics,A0008709010528,182,280,250,249,24.14,24.14,81.76,81.96,4393.81,6759.71,20440.91,20410.04,2718.89,13991.61,40000,39840,1674.92,-7231.9,-19559.09,-19429.96
Standard Software,Norte,GoodServices ,2673 - GoodServices - Light Ships,Analytics,A0008932590925,119,272,119,100,31.59,22.5,31.59,31.59,3759.32,6120.13,3759.32,3159.09,2217.77,5074.9,2070.65,1740,1541.55,1045.23,1688.67,1419.09
Standard Software,Norte,GoodServices ,2673 - GoodServices - Light Ships,Analytics,A0008384950844,218,300,197,180,30.79,20.28,30.79,65.62,6712.42,6084.42,6065.8,11812.56,6835.67,8884.47,5120.21,4678.36,-123.25,-2800.05,945.59,7134.2
Standard Software,Norte,GoodServices ,2673 - GoodServices - Light Ships,Analytics,A0008637430831,2420,5500,10120,0,0.78,0.78,0.78,0,1892,4300,7912,0,1687,4693.94,9996.85,0,205,-393.94,-2084.85,0
Standard Software,Norte,GoodServices ,2673 - GoodServices - Light Ships,Analytics,A0008975800509,3565,1170,1130,835,2.81,2.81,17.92,17.97,10024.14,3289.83,20257.82,15006.7,14551.69,9987.55,5310.98,3924.48,-4527.55,-6697.72,14946.84,11082.22
Standard Software,Norte,GoodServices ,2673 - GoodServices - Light Ships,Analytics,A0008734100560,105,221,0,0,13.72,13.72,0,0,1441.05,3033.05,0,0,1333.78,2510.56,0,0,107.27,522.49,0,0
Standard Software,Norte,GoodServices ,2673 - GoodServices - Light Ships,Analytics,A0008740000560,0,60,0,0,0,1.86,0,0,0,111.61,0,0,0,33.56,0,0,0,78.05,0,0
Standard Software,Norte,GoodServices ,2673 - GoodServices - Light Ships,Analytics,A0008472580056,96,32,0,0,3.29,3.29,0,0,316.23,105.41,0,0,155.09,51.81,0,0,161.14,53.6,0,0
Standard Software,Norte,GoodServices ,2673 - GoodServices - Light Ships,Analytics,A0008802010894,0,0,0,124,0,0,0,34.45,0,0,0,4272.36,0,0,0,2557.13,0,0,0,1715.23
Standard Software,Norte,GoodServices ,2673 - GoodServices - Light Ships,Analytics,A0008648100932,0,0,768,122,0,0,12.7,12.7,0,0,9754.41,1549.51,0,0,6827.46,1084.54,0,0,2926.95,464.97
Standard Software,Norte,GoodServices ,2673 - GoodServices - Light Ships,Analytics,A0008734450560,32,0,0,0,22.27,0,0,0,712.73,0,0,0,319.53,0,0,0,393.2,0,0,0
Standard Software,Norte,GoodServices ,2673 - GoodServices - Light Ships,Analytics,A0008708710528,0,0,0,0,0,0,0,0,0,0,0,0,0,0,0,0,0,0,0,0
Standard Software,Norte,GoodServices ,2673 - GoodServices - Light Ships,Analytics,A0008591570500,47,0,0,0,30.36,0,0,0,1427.09,0,0,0,830.89,0,0,0,596.2,0,0,0
Standard Software,Norte,GoodServices ,2673 - GoodServices - Light Ships,Analytics,A0008567000130,0,0,0,0,0,0,0,0,0,0,0,0,0,0,0,0,0,0,0,0
Standard Software,Norte,GoodServices ,2673 - GoodServices - Light Ships,Analytics,A0008509903004,0,0,14500,3720,0,0,6.93,7.19,0,0,100618,26783.99,0,0,76980.45,19749.44,0,0,23637.55,7034.55
Standard Software,Norte,GoodServices ,2673 - GoodServices - Light Ships,Analytics,A0008809510714,0,0,225,206,0,0,55.47,55.61,0,0,12481.35,11455.91,0,0,7618.18,7016.05,0,0,4863.17,4439.86
Standard Software,Norte,GoodServices ,2673 - GoodServices - Light Ships,Analytics,A0008293050932,0,0,0,51,0,0,0,78.54,0,0,0,4005.71,0,0,0,2269.75,0,0,0,1735.96
Standard Software,Norte,GoodServices ,2673 - GoodServices - Light Ships,Premium,A0008094920060,4489,5834,50,50,2.15,2.15,2.15,2.15,9663.6,12559.01,107.73,107.96,2639.55,3910.96,57.92,57.94,7024.05,8648.05,49.81,50.02
Standard Software,Norte,GoodServices ,2673 - GoodServices - Light Ships,Premium,A0008505610526,2511,9259,2231,1875,1.01,0.99,1.01,1.01,2559.01,9208.5,2271.56,1909.09,2277.47,9067.93,2797.61,2351.18,281.54,140.57,-526.05,-442.09
Standard Software,Norte,GoodServices ,2673 - GoodServices - Light Ships,Premium,A0008707640627,17150,7525,2100,1500,1.07,1.07,0.89,1.07,18397.27,8072.27,1870.9,1609.09,16869.36,8991.69,3230.7,2307.64,1527.91,-919.42,-1359.8,-698.55
Standard Software,Norte,GoodServices ,2673 - GoodServices - Light Ships,Premium,A0008310830139,14280,7140,0,350,1.1,1.1,0,1.1,15837.82,7918.91,0,388.18,14259.23,9724.04,0,630.11,1578.59,-1805.13,0,-241.93
Standard Software,Norte,GoodServices ,2673 - GoodServices - Light Ships,Premium,A0008211000507,28080,9720,12439,12688,0.7,0.7,0.7,0.7,19911.27,6892.36,8820.37,8996.95,22262.33,10089.33,17130.72,17473.64,-2351.06,-3196.97,-8310.35,-8476.69
Standard Software,Norte,GoodServices ,2673 - GoodServices - Light Ships,Premium,A0008932560060,2380,2720,2040,1128,0.86,2.52,5.03,5.04,2055.45,6855.64,10274.17,5695.24,5679.54,7340.52,5858.09,3239.15,-3624.09,-484.88,4416.08,2456.09
Standard Software,Norte,GoodServices ,2673 - GoodServices - Light Ships,Premium,A0008573300506,12558,8970,0,0,0.73,0.73,0,0,9247.25,6605.18,0,0,7539.36,5445.61,0,0,1707.89,1159.57,0,0
Standard Software,Norte,GoodServices ,2673 - GoodServices - Light Ships,Premium,A0008310750139,23310,5040,1050,50,1.18,1.18,1.18,1.18,27548.18,5956.36,1241.3,59.09,22780.23,5404.25,1572.28,74.81,4767.95,552.11,-330.98,-15.72
Standard Software,Norte,GoodServices ,2673 - GoodServices - Light Ships,Premium,A0008116240060,2355,3013,1050,926,1.41,1.41,1.41,1.42,3339.82,4272.98,1489.09,1316.49,2113.28,3807.66,1452.39,1280.89,1226.54,465.32,36.7,35.6
Standard Software,Norte,GoodServices ,2673 - GoodServices - Light Ships,Premium,A0008996590197,4217,3933,2753,1557,1.05,1.05,1.05,1.05,4447.02,4147.53,2903.16,1641.93,4338.53,4139.3,4239.07,2397.47,108.49,8.23,-1335.91,-755.54
Standard Software,Norte,GoodServices ,2673 - GoodServices - Light Ships,Premium,A0008072790060,5796,3632,2091,938,0.7,0.7,0.7,0.7,4068.8,2549.66,1467.82,658.44,2769.28,2002.74,1231.56,552.46,1299.52,546.92,236.26,105.98
Standard Software,Norte,GoodServices ,2673 - GoodServices - Light Ships,Premium,A0008175680102,7987,1722,504,20,1,0.82,3.83,3.84,8023.31,1425.26,1933.34,76.91,14948.02,3360.55,1328.84,52.73,-6924.71,-1935.29,604.5,24.18
Standard Software,Norte,GoodServices ,2673 - GoodServices - Light Ships,Premium,A0008577180505,3200,2560,2560,1120,0.4,0.4,0.4,0.4,1287.09,1029.67,1024,449.12,805.53,715.15,594.57,260.11,481.56,314.52,429.43,189.01
Standard Software,Norte,GoodServices ,2673 - GoodServices - Light Ships,Premium,A0008374150713,0,888,666,600,0,1,1.04,1.04,0,892.04,696.26,627.27,0,852.88,593.61,534.76,0,39.16,102.65,92.51
Standard Software,Norte,GoodServices ,2673 - GoodServices - Light Ships,Premium,A0008389810767,0,1020,1500,1071,0,0.81,0.81,0.81,0,835.47,1228.65,877.25,0,513.71,719.68,513.84,0,321.76,508.97,363.41
Standard Software,Norte,GoodServices ,2673 - GoodServices - Light Ships,Premium,A0008649010863,1327,1272,68,50,0.62,0.62,0.62,0.62,829.38,795.02,42.51,31.36,257.67,231.47,12.84,9.43,571.71,563.55,29.67,21.93
Standard Software,Norte,GoodServices ,2673 - GoodServices - Light Ships,Premium,A0008841000740,612,306,0,50,1.12,1.19,0,1.13,689.97,364.3,0,56.82,484.82,230.78,0,41.6,205.15,133.52,0,15.22
Standard Software,Norte,GoodServices ,2673 - GoodServices - Light Ships,Premium,A0008902680555,604,129,425,50,2,2,2,2,1210.76,258.59,852.39,100.25,550.67,131.74,567.64,66.7,660.09,126.85,284.75,33.55
Standard Software,Norte,GoodServices ,2673 - GoodServices - Light Ships,Premium,A0008424280133,910,130,390,228,1.22,1.09,1.09,1.09,1118.23,141.82,425.45,248.73,1133.2,128.74,507.8,296.85,-14.97,13.08,-82.35,-48.12
Standard Software,Norte,GoodServices ,2673 - GoodServices - Light Ships,Premium,A0008353430057,3569,173,939,50,0.69,0.69,1.06,1.06,2472.35,119.85,998.36,53.29,2026.3,104.47,831.41,44.22,446.05,15.38,166.95,9.07
Standard Software,Norte,GoodServices ,2673 - GoodServices - Light Ships,Premium,A0008373850713,0,10,28,15,0,0.77,0.77,0.77,0,7.73,21.64,11.59,0,8.03,22.8,12.16,0,-0.3,-1.16,-0.57
Standard Software,Norte,GoodServices ,2673 - GoodServices - Light Ships,Premium,A0008449720857,828,0,0,50,1.05,0,0,1.05,870.25,0,0,52.53,793.6,0,0,36.26,76.65,0,0,16.27
Standard Software,Norte,GoodServices ,2673 - GoodServices - Light Ships,Premium,A0008037370864,414,0,0,50,1.02,0,0,1.02,423.49,0,0,51.15,368.87,0,0,34.66,54.62,0,0,16.49
Standard Software,Norte,GoodServices ,2673 - GoodServices - Light Ships,Premium,A0008282150057,0,0,0,0,0,0,0,0,0,0,0,0,0,0,0,0,0,0,0,0
Standard Software,Norte,GoodServices ,2673 - GoodServices - Light Ships,Premium,A0008932800060,0,0,0,25,0,0,0,1.36,0,0,0,34.17,0,0,0,10.76,0,0,0,23.41
Standard Software,Norte,GoodServices ,2673 - GoodServices - Light Ships,Premium,A0008035340162,8100,0,0,0,1.29,0,0,0,10456.36,0,0,0,9289.22,0,0,0,1167.14,0,0,0
Standard Software,Norte,GoodServices ,2673 - GoodServices - Light Ships,Premium,A0008363540713,21830,0,0,50,1.12,0,0,1.12,24608.36,0,0,56.36,21841.91,0,0,65.04,2766.45,0,0,-8.68
Standard Software,Norte,GoodServices ,2673 - GoodServices - Light Ships,Premium,A0008538890188,0,0,0,0,0,0,0,0,0,0,0,0,0,0,0,0,0,0,0,0
Standard Software,Norte,GoodServices ,2673 - GoodServices - Light Ships,Premium,A0008115700860,0,0,0,10,0,0,0,1.53,0,0,0,15.36,0,0,0,10.81,0,0,0,4.55
Standard Software,Norte,GoodServices ,2673 - GoodServices - Light Ships,Premium,A0008600810950,0,0,0,20,0,0,0,6.92,0,0,0,138.55,0,0,0,127.71,0,0,0,10.84
Standard Software,Norte,GoodServices ,2673 - GoodServices - Light Ships,Premium,A0008727390938,0,0,3903,0,0,0,1.26,0,0,0,4944.67,0,0,0,3639.31,0,0,0,1305.36,0
Standard Software,Norte,GoodServices ,2673 - GoodServices - Light Ships,Premium,A0008352110949,0,0,0,50,0,0,0,1.57,0,0,0,78.98,0,0,0,33.53,0,0,0,45.45
Standard Software,Norte,GoodServices ,2673 - GoodServices - Light Ships,Premium,A0008285850513,0,0,0,50,0,0,0,6.65,0,0,0,332.62,0,0,0,247.73,0,0,0,84.89
Standard Software,Norte,GoodServices ,2673 - GoodServices - Light Ships,Premium,A0008932640060,0,0,0,0,0,0,0,0,0,0,0,0,0,0,0,0,0,0,0,0
Standard Software,Norte,GoodServices ,2673 - GoodServices - Light Ships,Premium,A0008901920060,37,0,0,0,5.39,0,0,0,199.45,0,0,0,53.14,0,0,0,146.31,0,0,0
Standard Software,Norte,GoodServices ,3983 - GoodServices - Light Ships,Analytics,A0008983950891,0,210,0,213,0,35.12,0,35.12,0,7375.89,0,7481.24,0,4047.52,0,3795.28,0,3328.37,0,3685.96
Standard Software,Norte,GoodServices ,3983 - GoodServices - Light Ships,Analytics,A0008013020892,0,210,0,200,0,32.3,0,32.39,0,6784.98,0,6478.07,0,3767.82,0,3298.44,0,3017.16,0,3179.63
Standard Software,Norte,GoodServices ,3983 - GoodServices - Light Ships,Analytics,A0008498152296,56,28,0,0,8.05,8.05,0,0,451.05,225.53,0,0,285.1,146.81,0,0,165.95,78.72,0,0
Standard Software,Norte,GoodServices ,3983 - GoodServices - Light Ships,Analytics,A0008116470935,0,0,0,0,0,0,0,0,0,0,0,0,0,0,0,0,0,0,0,0
Standard Software,Norte,GoodServices ,3983 - GoodServices - Light Ships,Analytics,A0008002950872,0,0,0,10,0,0,0,27.6,0,0,0,276,0,0,0,150,0,0,0,126
Standard Software,Norte,GoodServices ,3983 - GoodServices - Light Ships,Analytics,A0008117790935,89,0,0,60,25.4,0,0,25.4,2260.6,0,0,1524,1333.31,0,0,871.83,927.29,0,0,652.17
Standard Software,Norte,GoodServices ,3983 - GoodServices - Light Ships,Analytics,A0008049120887,0,0,0,15,0,0,0,6.54,0,0,0,98.21,0,0,0,101.73,0,0,0,-3.52
Standard Software,Norte,GoodServices ,3983 - GoodServices - Light Ships,Analytics,A0008002600872,0,0,0,75,0,0,0,26.15,0,0,0,1961.59,0,0,0,2224.5,0,0,0,-262.91
Standard Software,Norte,GoodServices ,3983 - GoodServices - Light Ships,Analytics,A0008974500865,0,0,0,0,0,0,0,0,0,0,0,0,0,0,0,0,0,0,0,0
Standard Software,Norte,GoodServices ,3983 - GoodServices - Light Ships,Premium,A0008381670855,564,188,0,10,2.17,2.17,0,2.18,1228.34,409.45,0,21.82,833.95,273.39,0,12,394.39,136.06,0,9.82
Standard Software,Norte,GoodServices ,3983 - GoodServices - Light Ships,Premium,A0008770280011,43,27,7,7,10.9,10.9,10.9,10.93,469.09,294.55,76.36,76.55,56.74,35.52,10.81,10.81,412.35,259.03,65.55,65.74
Standard Software,Norte,GoodServices ,3983 - GoodServices - Light Ships,Premium,A0008839370740,0,201,0,0,0,1.13,0,0,0,228.41,0,0,0,235.3,0,0,0,-6.89,0,0
Standard Software,Norte,GoodServices ,3983 - GoodServices - Light Ships,Premium,A0008373850713,5,10,0,10,0.77,0.77,0,0.77,3.86,7.72,0,7.73,3.71,7.9,0,8.09,0.15,-0.18,0,-0.36
Standard Software,Norte,GoodServices ,3983 - GoodServices - Light Ships,Premium,A0008771700894,630,0,126,126,2.41,0,2.41,2.41,1520.94,0,304.18,304.25,1035.67,0,194.33,194.34,485.27,0,109.85,109.91
Standard Software,Norte,GoodServices ,3983 - GoodServices - Light Ships,Premium,A0008932480060,0,0,0,10,0,0,0,0.77,0,0,0,7.73,0,0,0,9.64,0,0,0,-1.91
Standard Software,Norte,GoodServices ,3983 - GoodServices - Light Ships,Premium,A0008560710501,0,0,0,0,0,0,0,0,0,0,0,0,0,0,0,0,0,0,0,0
Standard Software,Norte,GoodServices ,3983 - GoodServices - Light Ships,Premium,A0008345800745,0,0,0,50,0,0,0,1.51,0,0,0,75.61,0,0,0,62.27,0,0,0,13.34
Standard Software,Norte,Package Inc,2315 - Package Solutions,Storage,A0008455690926,0,0,85,0,0,0,23.41,0,0,0,1990.44,0,0,0,0,0,0,0,1990.44,0
Standard Software,Norte,Package Inc,2315 - Package Solutions,Storage,A0008228100926,0,0,103,0,0,0,23.05,0,0,0,2374.62,0,0,0,2748.88,0,0,0,-374.26,0
Software - Tecfit,Norte,Package Inc,2315 - Package Solutions,Analytics,A0008891870950,255744,148726,199000,149110,16.32,16.83,17.15,17.15,4174330.47,2504472.41,3414694.75,2558618.75,3412388.75,1665607.83,2152294.07,1622228.4,761941.72,838864.58,1262400.68,936390.35
Software - Tecfit,Norte,Package Inc,2315 - Package Solutions,Analytics,A0008892090950,246272,134656,196000,152000,16.65,17.11,17.41,17.41,4101520.67,2305263.73,3414176.94,2647729.04,2912882.01,1518908.29,2155376.69,1681385.88,1188638.66,786355.44,1258800.25,966343.16
Standard Software,Norte,Package Inc,2315 - Package Solutions,Analytics,A0008023090596,44265,45683,30000,30000,34.74,36.27,34.09,35.91,1537884.91,1657239.69,1022727.27,1077545.45,1239299.23,1240222.8,768488.12,768488.15,298585.68,417016.89,254239.15,309057.3
Standard Software,Norte,Package Inc,2315 - Package Solutions,Analytics,A0008631690836,51623,48356,41000,52000,17.23,24.06,24.06,32.72,889792.8,1163619.65,986607.78,1701818.18,1085580.15,869106.8,927140.4,1175885.43,-195787.35,294512.85,59467.38,525932.75
Standard Software,Norte,Package Inc,2315 - Package Solutions,Analytics,A0008119060974,0,8517,12000,12000,0,16.95,16.95,16.95,0,144427.42,203454.55,203454.55,0,118955.4,146371.6,146371.6,0,25472.02,57082.95,57082.95
Standard Software,Norte,Package Inc,2315 - Package Solutions,Analytics,A0008943210597,67680,89460,103000,80000,1.37,1.37,1.37,1.38,93244.58,123251.48,141390.91,110493.75,25750.42,33082.31,40121.26,31162.14,67494.16,90169.17,101269.65,79331.61
Standard Software,Norte,Package Inc,2315 - Package Solutions,Analytics,A0008523190974,0,6914,16000,17000,0,17.39,17.26,17.39,0,120297.33,276218.18,295784.54,0,96780.28,207656.69,220635.24,0,23517.05,68561.49,75149.3
Standard Software,Norte,Package Inc,2315 - Package Solutions,Analytics,A0008743090929,37345,49832,76000,82400,1.72,1.71,1.72,1.73,64437.1,85502.02,131272.73,142683.1,22182.95,36214.28,54222.5,58788.61,42254.15,49287.74,77050.23,83894.49
Standard Software,Norte,Package Inc,2315 - Package Solutions,Analytics,A0008609920635,0,10608,17000,10000,0,3.66,3.66,3.67,0,38863.85,62281.82,36727.97,0,25140.98,39269.95,23099.99,0,13722.87,23011.87,13627.98
Standard Software,Norte,Package Inc,2315 - Package Solutions,Analytics,A0008829880924,1372,1957,2247,2761,18.08,18.89,18.89,18.94,24815.23,36981.98,42468.29,52313.37,18685.03,27303.73,29839.7,36665.53,6130.2,9678.25,12628.59,15647.84
Standard Software,Norte,Package Inc,2315 - Package Solutions,Analytics,A0008832160924,1672,1774,2700,2168,18.49,18.8,18.49,18.84,30929.02,33356.04,49925.45,40866.23,22822.19,24806.64,35927.61,28848.55,8106.83,8549.4,13997.84,12017.68
Standard Software,Norte,Package Inc,2315 - Package Solutions,Analytics,A0008638780836,662,776,500,515,33.35,41.68,38.54,38.54,22077.81,32350.02,19272.73,19850.91,32070.17,32897.17,29494.05,30378.86,-9992.36,-547.15,-10221.32,-10527.95
Standard Software,Norte,Package Inc,2315 - Package Solutions,Analytics,A0008638190836,714,714,500,515,32.85,43.54,38.67,53.12,23459.29,31091.07,19336.36,27358.45,35558.95,30752.43,29520.52,30406.16,-12099.66,338.64,-10184.16,-3047.71
Standard Software,Norte,Package Inc,2315 - Package Solutions,Analytics,A0008027600870,10800,15317,16000,17000,1.47,1.47,1.47,1.47,15901.53,22552.19,23563.64,25098.93,8324.84,12941.47,13707.59,14564.33,7576.69,9610.72,9856.05,10534.6
Standard Software,Norte,Package Inc,2315 - Package Solutions,Analytics,A0008362150870,1533,1672,0,0,7.7,7.7,0,0,11804.67,12875,0,0,9981.82,12874.4,0,0,1822.85,0.6,0,0
Standard Software,Norte,Package Inc,2315 - Package Solutions,Analytics,A0008360580945,0,2377,6200,3000,0,4.56,4.56,4.63,0,10846.54,28294.55,13896.99,0,7331.76,21961.09,11027.68,0,3514.78,6333.46,2869.31
Standard Software,Norte,Package Inc,2315 - Package Solutions,Analytics,A0008630580097,875,2954,3000,3090,2.59,2.59,2.6,2.6,2273.4,7675.05,7800,8054.05,1097.88,3625.17,3524.65,3630.4,1175.52,4049.88,4275.35,4423.65
Standard Software,Norte,Package Inc,2315 - Package Solutions,Analytics,A0008458970672,7042,6201,3500,3605,1.21,1.21,1.21,1.21,8578.44,7553.95,4263.64,4391.55,3732.96,2872.39,1979.08,2038.45,4845.48,4681.56,2284.56,2353.1
Standard Software,Norte,Package Inc,2315 - Package Solutions,Analytics,A0008258580930,0,2163,2200,1545,0,3.03,2.96,3.03,0,6570.81,6519.98,4693.42,0,4168.69,3819.99,2682.66,0,2402.12,2699.99,2010.76
Standard Software,Norte,Package Inc,2315 - Package Solutions,Analytics,A0008318300932,2202,878,0,0,5.79,4.96,0,0,12771.44,4355.41,0,0,8290.5,3910.92,0,0,4480.94,444.49,0,0
Standard Software,Norte,Package Inc,2315 - Package Solutions,Analytics,A0008319620932,1728,559,1,500,4.18,4.92,5.39,4.61,7229.62,2751.98,5.39,2309.99,5179.51,1748.37,0,0,2050.11,1003.61,5.39,2309.99
Standard Software,Norte,Package Inc,2315 - Package Solutions,Analytics,A0008864080858,148,914,0,0,1.75,1.98,0,0,259.67,1811.38,0,0,239.02,1469.94,0,0,20.65,341.44,0,0
Standard Software,Norte,Package Inc,2315 - Package Solutions,Analytics,A0008483640113,1000,420,600,515,1.81,1.81,1.83,1.84,1818.18,763.64,1101.82,948.09,316.36,138.69,166.48,142.88,1501.82,624.95,935.34,805.21
Standard Software,Norte,Package Inc,2315 - Package Solutions,Analytics,A0008878890858,0,156,0,0,0,3.61,0,0,0,564.35,0,0,0,1476.8,0,0,0,-912.45,0,0
Standard Software,Norte,Package Inc,2315 - Package Solutions,Analytics,A0008274100870,0,320,480,0,0,1.44,1.44,0,0,462.55,693.81,0,0,238.2,332.84,0,0,224.35,360.97,0
Standard Software,Norte,Package Inc,2315 - Package Solutions,Analytics,A0008453600874,132,60,0,0,3.24,3.24,0,0,427.92,194.51,0,0,570.64,259.38,0,0,-142.72,-64.87,0,0
Standard Software,Norte,Package Inc,2315 - Package Solutions,Analytics,A0008531180747,0,40,100,0,0,2.69,2.69,0,0,107.64,269.09,0,0,34.14,0,0,0,73.5,269.09,0
Standard Software,Norte,Package Inc,2315 - Package Solutions,Analytics,A0008144390927,2927,0,0,0,16.98,0,0,0,49718.02,0,0,0,39869.46,0,0,0,9848.56,0,0,0
Standard Software,Norte,Package Inc,2315 - Package Solutions,Analytics,A0008709040963,30,0,0,0,22,0,0,0,660.2,0,0,0,467.49,0,0,0,192.71,0,0,0
Standard Software,Norte,Package Inc,2315 - Package Solutions,Analytics,A0008807560106,792,0,103,0,1.81,0,1.81,0,1440,0,187.27,0,269.85,0,30.46,0,1170.15,0,156.81,0
Standard Software,Norte,Package Inc,2315 - Package Solutions,Analytics,A0008915640799,0,0,0,0,0,0,0,0,0,0,0,0,0,0,0,0,0,0,0,0
Standard Software,Norte,Package Inc,2315 - Package Solutions,Analytics,A0008143820927,1987,0,0,0,16.98,0,0,0,33756.6,0,0,0,27126.17,0,0,0,6630.43,0,0,0
Standard Software,Norte,Package Inc,2315 - Package Solutions,Premium,A0008876050051,440,6600,2200,1020,2.48,2.48,2.48,2.48,1092,16380,5460,2537.79,477.84,7773.58,3734.95,1731.64,614.16,8606.42,1725.05,806.15
Standard Software,Norte,Package Inc,2315 - Package Solutions,Premium,A0008048140060,13580,19320,24200,16320,0.62,0.62,0.61,0.63,8438.18,12027.59,14960,10444.68,7951.34,11222.64,14726.75,9931.38,486.84,804.95,233.25,513.3
Standard Software,Norte,Package Inc,2315 - Package Solutions,Premium,A0008073540600,600,1680,2050,2078,2.1,2.36,2.36,2.36,1265.45,3967.85,4845.45,4911.64,1560,4642.91,5236.8,5308.35,-294.55,-675.06,-391.35,-396.71
Standard Software,Norte,Package Inc,2315 - Package Solutions,Premium,A0008455400897,1649,2818,4592,2040,1.16,1.09,1.08,1.08,1913.75,3089.64,4967.71,2206.91,1631.91,2090.19,3421.81,1520.14,281.84,999.45,1545.9,686.77
Standard Software,Norte,Package Inc,2315 - Package Solutions,Premium,A0008063450060,8600,3040,300,3060,0.95,0.99,1.01,1.02,8240.36,3028.95,305.45,3123.38,21500,5914.19,605.44,6175.62,-13259.64,-2885.24,-299.99,-3052.24
Standard Software,Norte,Package Inc,2315 - Package Solutions,Premium,A0008583310061,6000,5400,3700,2970,0.47,0.47,0.48,0.48,2836.36,2552.73,1782.73,1434.53,3188.12,2677.42,0,0,-351.76,-124.69,1782.73,1434.53
Standard Software,Norte,Package Inc,2315 - Package Solutions,Premium,A0008024470060,1820,4080,2460,2285,0.4,0.45,0.45,0.45,741.9,1862.71,1118.18,1043.18,1089.68,2795.38,1587.22,1474.32,-347.78,-932.67,-469.04,-431.14
Standard Software,Norte,Package Inc,2315 - Package Solutions,Premium,A0008363020641,680,1640,1100,1020,0.81,0.81,0.85,0.85,550.99,1328.85,940,871.64,687.51,1718.83,1178.38,1092.68,-136.52,-389.98,-238.38,-221.04
Standard Software,Norte,Package Inc,2315 - Package Solutions,Premium,A0008763720985,2388,360,1584,918,2.87,2.87,2.85,2.87,6854.85,1033.4,4521.6,2635.17,5017.85,708.55,3274.98,416.99,1837,324.85,1246.62,2218.18
Standard Software,Norte,Package Inc,2315 - Package Solutions,Premium,A0008923680107,0,288,288,102,0,2.22,2.22,2.23,0,641.45,641.55,227.73,0,403.59,455.65,161.35,0,237.86,185.9,66.38
Standard Software,Norte,Package Inc,2315 - Package Solutions,Premium,A0008449720857,0,0,1300,1326,0,0,1.02,1.02,0,0,1335.45,1362.16,0,0,943.27,962.12,0,0,392.18,400.04
Standard Software,Norte,Package Inc,2315 - Package Solutions,Premium,A0008985580508,1035,0,0,0,2.03,0,0,0,2102.84,0,0,0,1169.27,0,0,0,933.57,0,0,0
Standard Software,Norte,Package Inc,2315 - Package Solutions,Premium,A0008744930537,0,0,210,0,0,0,2.11,0,0,0,444.82,0,0,0,301.97,0,0,0,142.85,0
Standard Software,Norte,Package Inc,2315 - Package Solutions,Premium,A0008676370104,1050,0,0,0,0.74,0,0,0,786.26,0,0,0,977.93,0,0,0,-191.67,0,0,0
Standard Software,Norte,Package Inc,2315 - Package Solutions,Premium,A0008902933025,0,0,0,0,0,0,0,0,0,0,0,0,0,0,0,0,0,0,0,0
Standard Software,Norte,Package Inc,2315 - Package Solutions,Premium,A0008609840113,0,0,0,0,0,0,0,0,0,0,0,0,0,0,0,0,0,0,0,0
Sofware - Light Speed,Norte,Sky Blue,1726 - SKY US,Analytics,A0008630460922,81968,95232,100000,114000,28.89,28.62,29.57,29.57,2368258.45,2725548.41,2957608.73,3371673.93,1533390.3,1880833.89,2302999.99,2625419.98,834868.15,844714.52,654608.74,746253.95
Sofware - Light Speed,Norte,Sky Blue,1726 - SKY US,Analytics,A0008630540922,83136,90432,105000,116000,28.95,29.06,29.59,29.59,2407155.54,2628814.29,3107601.08,3433159.31,1555240.29,1786033.8,2418149.94,2671479.98,851915.25,842780.49,689451.14,761679.33
Standard Software,Norte,Sky Blue,1726 - SKY US,Analytics,A0008262680890,1614928,1906352,987840,980000,0.84,0.81,0.81,0.76,1363173.28,1553041.25,804760.01,753441.81,977325.01,1181938.23,578874.2,574279.99,385848.27,371103.02,225885.81,179161.82
Sofware - Dimond Tiger,Norte,Sky Blue,1726 - SKY US,Analytics,A0008769800936,5220,4734,4771,4500,237.27,248.05,246.24,246.25,1238590.84,1174278.41,1174837.06,1108138.17,1064263.09,2003600.95,1679522.11,1584122.7,174327.75,-829322.54,-504685.05,-475984.53
Standard Software,Norte,Sky Blue,1726 - SKY US,Analytics,A0008150750547,1269120,1654080,910000,1100000,0.67,0.66,0.66,0.64,854151.28,1106979.49,609010.05,711700.01,473820.16,598416.15,352823.47,426489.97,380331.12,508563.34,256186.58,285210.04
Sofware - Light Speed,Norte,Sky Blue,1726 - SKY US,Analytics,A0008630380922,36096,41280,30000,32400,16.4,16.6,17.09,17.09,592239.68,685290.56,512910.44,553943.26,483131.86,579158.97,495299.95,534923.95,109107.82,106131.59,17610.49,19019.31
Standard Software,Norte,Sky Blue,1726 - SKY US,Analytics,A0008369750856,76272,137808,126000,126000,2.25,2.3,2.31,2.31,172331.78,317711.45,292090.91,292090.91,130166.83,156600,139745.46,139745.46,42164.95,161111.45,152345.45,152345.45
Standard Software,Norte,Sky Blue,1726 - SKY US,Analytics,A0008727900772,14244,10706,16032,18664,29.13,29.13,29.13,29.82,415018.36,311933.91,467114.18,556601.66,307327.27,226032.88,339890.02,395690.31,107691.09,85901.03,127224.16,160911.35
Standard Software,Norte,Sky Blue,1726 - SKY US,Analytics,A0008624220922,9880,9160,7200,7200,18.78,18.78,18.78,18.82,185564.36,172041.45,135229.09,135567.16,68605.81,61738.42,60983.95,60983.97,116958.55,110303.03,74245.14,74583.19
Standard Software,Norte,Sky Blue,1726 - SKY US,Analytics,A0008630030922,15760,11320,9500,9019,7.13,7.13,7.13,7.15,112469.09,80783.64,67795.45,64523.78,65732.06,42336.8,47784.95,45365.52,46737.03,38446.84,20010.5,19158.26
Standard Software,Norte,Sky Blue,1726 - SKY US,Analytics,A0008061260571,17024,11200,0,0,6.61,6.6,0,0,112690.22,74021.82,0,0,137739.64,286720,0,0,-25049.42,-212698.18,0,0
Standard Software,Norte,Sky Blue,1726 - SKY US,Analytics,A0008826700568,14336,8971,9845,560,5.13,5.08,3.49,4.7,73607.02,45638.16,34368.2,2637.09,69070.84,45188.54,36657.35,2085.1,4536.18,449.62,-2289.15,551.99
Standard Software,Norte,Sky Blue,1726 - SKY US,Analytics,A0008587000954,0,5824,13888,0,0,6.34,5.11,0,0,36931.49,71081.37,0,0,39446.7,74706.02,0,0,-2515.21,-3624.65,0
Standard Software,Norte,Sky Blue,1726 - SKY US,Analytics,A0008453600514,200,100,0,20,11.42,11.42,0,11.45,2285.45,1142.73,0,229.09,2127.27,1030.91,0,214.18,158.18,111.82,0,14.91
Standard Software,Norte,Sky Blue,1726 - SKY US,Analytics,A0008996020504,0,42,0,40,0,4.34,0,4.35,0,182.51,0,174.29,0,131.88,0,125.56,0,50.63,0,48.73
Standard Software,Norte,Sky Blue,1726 - SKY US,Analytics,A0008481540767,352,433,206,210,0.13,0.13,0.14,0.14,48,60.36,29.96,30.55,22.1,27.17,12.89,13.15,25.9,33.19,17.07,17.4
Standard Software,Norte,Sky Blue,1726 - SKY US,Analytics,A0008493760951,24,0,0,25,9.5,0,0,11.34,228,0,0,283.64,95.92,0,0,89.89,132.08,0,0,193.75
Standard Software,Norte,Sky Blue,1726 - SKY US,Analytics,A0008360460117,0,0,0,0,0,0,0,0,0,0,0,0,0,0,0,0,0,0,0,0
Standard Software,Norte,Sky Blue,1726 - SKY US,Analytics,A0008455220514,50,0,0,0,15.55,0,0,0,777.73,0,0,0,871.82,0,0,0,-94.09,0,0,0
Standard Software,Norte,Sky Blue,1726 - SKY US,Analytics,A0008881870612,588,0,0,0,20.06,0,0,0,11797.42,0,0,0,2551.05,0,0,0,9246.37,0,0,0
Standard Software,Norte,Sky Blue,1726 - SKY US,Analytics,A0008817330856,255,0,0,0,1.94,0,0,0,496.09,0,0,0,361.81,0,0,0,134.28,0,0,0
Standard Software,Norte,Sky Blue,1726 - SKY US,Analytics,A0008416320948,40,0,0,10,2.13,0,0,2.13,85.45,0,0,21.36,79.7,0,0,17.63,5.75,0,0,3.73
Standard Software,Norte,Sky Blue,1726 - SKY US,Analytics,A0008302440868,0,0,768,232,0,0,5.92,5.92,0,0,4552.15,1375.13,0,0,3614.3,1091.77,0,0,937.85,283.36
Standard Software,Norte,Sky Blue,1726 - SKY US,Analytics,A0008049360096,765,0,220,215,12.5,0,12.5,12.54,9569.45,0,2751.97,2696.15,18468.29,0,4749.74,4641.82,-8898.84,0,-1997.77,-1945.67
Standard Software,Norte,Sky Blue,1726 - SKY US,Analytics,A0008385900830,0,0,0,20,0,0,0,285.08,0,-343.15,0,5701.64,0,0,0,8287.46,0,-343.15,0,-2585.82
Standard Software,Norte,Sky Blue,1726 - SKY US,Premium,A0008678540126,12400,14160,7650,9297,2.32,2.32,2.32,2.32,28781.52,32866.66,17756.34,21633.12,24236.37,26904,14534.99,17664.3,4545.15,5962.66,3221.35,3968.82
Standard Software,Norte,Sky Blue,1726 - SKY US,Premium,A0008660320840,0,5096,625,600,0,1.18,1.18,1.19,0,6049.88,738.63,714.11,0,5409.17,1372.46,1317.56,0,640.71,-633.83,-603.45
Standard Software,Norte,Sky Blue,1726 - SKY US,Premium,A0008589600174,0,5168,0,800,0,1.07,0,1.07,0,5536.81,0,858.18,0,4754.56,0,775.29,0,782.25,0,82.89
Standard Software,Norte,Sky Blue,1726 - SKY US,Premium,A0008044430105,2700,2550,710,838,2.14,2.14,2.18,2.18,5788.32,5472.45,1549.09,1828.36,6872.73,6977.73,2188.09,2582.56,-1084.41,-1505.28,-639,-754.2
Standard Software,Norte,Sky Blue,1726 - SKY US,Premium,A0008409420624,12,9,20,19,1.62,1.62,1.58,1.58,19.53,14.65,31.64,30.05,6.48,4.97,11.46,10.88,13.05,9.68,20.18,19.17
Standard Software,Norte,Sky Blue,1726 - SKY US,Premium,A0008130850756,0,0,0,0,0,0,0,0,0,0,0,0,0,0,0,0,0,0,0,0
Standard Software,Norte,Sky Blue,1726 - SKY US,Premium,A0008377530096,300,0,0,50,1.18,0,0,1.19,354.93,0,0,59.65,469.09,0,0,98.18,-114.16,0,0,-38.53
Standard Software,Norte,Sky Blue,1726 - SKY US,Premium,A0008462130057,600,0,0,48,1.28,0,0,1.28,772.04,0,0,61.84,529.09,0,0,48,242.95,0,0,13.84
Standard Software,Norte,Sky Blue,1726 - SKY US,Premium,A0008775600129,120,0,0,79,4.18,0,0,419.04,501.6,0,0,33104.59,323.96,0,0,283.92,177.64,0,0,32820.67
Standard Software,Norte,Sky Blue,3561 - SKY US,Analytics,A0008385900830,386,270,215,221,284.71,292.17,280.92,290.3,109898.47,78888.05,60399.36,64157.56,92011.62,127672.64,89090.13,91576.37,17886.85,-48784.59,-28690.77,-27418.81
Standard Software,Sul,Tech Solution,5087 - Tech Analytics,Premium,A0008228650973,0,0,45,0,0,0,157.95,0,0,0,7107.95,0,0,0,4740.13,0,0,0,2367.82,0
Standard Software,Sul,Tech Solution,5087 - Tech Analytics,Premium,A0008779102321,0,0,45,0,0,0,156.7,0,0,0,7051.5,0,0,0,3869.59,0,0,0,3181.91,0
Standard Software,Sul,Tech Solution,5087 - Tech Analytics,Premium,A0008130962229,0,0,45,0,0,0,152.51,0,0,0,6863.32,0,0,0,6119.18,0,0,0,744.14,0
Standard Software,Sul,Tech Solution,5087 - Tech Analytics,Premium,A0008978310964,0,0,675,0,0,0,125.87,0,0,0,84964.09,0,0,0,49581.81,0,0,0,35382.28,0
Standard Software,Sul,Tech Solution,5087 - Tech Analytics,Premium,A0008269710877,0,0,45,0,0,0,130.9,0,0,0,5890.91,0,0,0,5863.09,0,0,0,27.82,0
Standard Software,Sul,Tech Solution,5087 - Tech Analytics,Premium,A0008975760967,0,0,45,0,0,0,119.62,0,0,0,5383.23,0,0,0,3477.28,0,0,0,1905.95,0
Standard Software,Sul,Tech Solution,2946 - Tech Solution Inc.,Premium,A0008975760967,0,0,723,730,0,0,119.62,119.62,0,0,86490.52,87327.91,0,0,55868.18,56409.09,0,0,30622.34,30918.82
Standard Software,Sul,Tech Solution,2946 - Tech Solution Inc.,Premium,A0008419860978,0,0,200,202,0,0,121.22,121.22,0,0,24245.45,24487.91,0,0,17074.53,17245.29,0,0,7170.92,7242.62
Standard Software,Sul,Tech Solution,2946 - Tech Solution Inc.,Premium,A0008228060973,0,0,100,100,0,0,120.25,11.31,0,0,12025.45,1131.82,0,0,7985.45,7985.46,0,0,4040,-6853.64
Standard Software,Sul,Tech Solution,2946 - Tech Solution Inc.,Premium,A0008992350820,0,0,250,202,0,0,195.34,227.84,0,0,48836.35,46023.88,0,0,69161.37,55882.37,0,0,-20325.02,-9858.49
Standard Software,Sul,Tech Solution,2946 - Tech Solution Inc.,Premium,A0008130962229,0,0,600,606,0,0,152.51,152.51,0,0,91510.9,92426.02,0,0,81589.07,82404.98,0,0,9921.83,10021.04
Standard Software,Sul,Tech Solution,2946 - Tech Solution Inc.,Premium,A0008774650821,0,0,300,303,0,0,168.15,182.27,0,0,50446.36,55228.64,0,0,64418.18,65062.37,0,0,-13971.82,-9833.73
Standard Software,Sul,Tech Solution,2946 - Tech Solution Inc.,Premium,A0008976060967,0,0,150,318,0,0,149.66,149.66,0,0,22449.55,47593.04,0,0,17079.55,36208.64,0,0,5370,11384.4
Standard Software,Sul,Tech Solution,2946 - Tech Solution Inc.,Premium,A0008966790836,0,0,100,1515,0,0,148.58,148.95,0,0,14858.18,225664.22,0,0,14451.82,218945.03,0,0,406.36,6719.19
Standard Software,Sul,Tech Solution,2946 - Tech Solution Inc.,Premium,A0008613770974,0,0,4,0,0,0,202.18,0,0,0,808.73,0,0,0,658.26,0,0,0,150.47,0
Standard Software,Sul,Tech Solution,2946 - Tech Solution Inc.,Premium,A0008262460877,0,0,1512,1313,0,0,126.31,145.81,0,0,190993.09,191459.27,0,0,195034.24,169365.06,0,0,-4041.15,22094.21
Standard Software,Sul,Tech Solution,2946 - Tech Solution Inc.,Premium,A0008669812095,0,0,0,505,0,0,0,186.41,0,0,0,94141.81,0,0,0,86185.14,0,0,0,7956.67
Standard Software,Sul,Tech Solution,2946 - Tech Solution Inc.,Premium,A0008269710877,0,0,3400,3030,0,0,133.7,130.9,0,0,454610.91,396654.55,0,0,442989.09,394781.42,0,0,11621.82,1873.13
Standard Software,Sul,Tech Solution,2946 - Tech Solution Inc.,Premium,A0008990490820,0,0,0,303,0,0,0,233.64,0,0,0,70794.79,0,0,0,92505.9,0,0,0,-21711.11
Standard Software,Sul,Tech Solution,2946 - Tech Solution Inc.,Premium,A0008821560880,0,0,150,1010,0,0,180.44,180.89,0,0,27066.82,182705.55,0,0,35350.91,238029.44,0,0,-8284.09,-55323.89
Standard Software,Sul,Tech Solution,2946 - Tech Solution Inc.,Premium,A0008975920967,0,0,100,101,0,0,119.06,119.06,0,0,11906.36,12025.43,0,0,7810.91,7889.02,0,0,4095.45,4136.41
Standard Software,Sul,Tech Solution,2946 - Tech Solution Inc.,Premium,A0008266970882,0,0,250,303,0,0,112.88,112.88,0,0,28220.45,34203.19,0,0,39643.17,48047.53,0,0,-11422.72,-13844.34
Standard Software,Sul,Tech Solution,2946 - Tech Solution Inc.,Premium,A0008999020970,0,0,70,0,0,0,155.28,0,0,0,10870.02,0,0,0,7677.09,0,0,0,3192.93,0
Standard Software,Sul,Tech Solution,2946 - Tech Solution Inc.,Premium,A0008105280958,0,0,533,0,0,0,192.42,0,0,0,102562.26,0,0,0,105795.65,0,0,0,-3233.39,0
Standard Software,Sul,Tech Solution,2946 - Tech Solution Inc.,Premium,A0008228650973,0,0,1187,1010,0,0,157.95,157.95,0,0,187492.05,159534.09,0,0,125034.27,106389.72,0,0,62457.78,53144.37
Standard Software,Sul,Tech Solution,2946 - Tech Solution Inc.,Premium,A0008010830961,0,0,450,338,0,0,174.3,174.3,0,0,78439.07,58916.47,0,0,50882.72,38218.58,0,0,27556.35,20697.89
Standard Software,Sul,Tech Solution,2946 - Tech Solution Inc.,Premium,A0008620200974,0,0,40,0,0,0,214.32,0,0,0,8572.92,0,0,0,6905.82,0,0,0,1667.1,0
Standard Software,Sul,Tech Solution,2946 - Tech Solution Inc.,Premium,A0008161790963,0,0,750,0,0,0,190.96,0,0,0,143224.24,0,0,0,124322.72,0,0,0,18901.52,0
Standard Software,Sul,Tech Solution,2946 - Tech Solution Inc.,Premium,A0008700092093,0,0,90,0,0,0,163.73,0,0,0,14736.27,0,0,0,15484.09,0,0,0,-747.82,0
Standard Software,Sul,Tech Solution,2946 - Tech Solution Inc.,Premium,A0008978310964,0,0,12000,14000,0,0,125.87,125.87,0,0,1510472.73,1762244.82,0,0,881454.55,1028363.64,0,0,629018.18,733881.18
Standard Software,Sul,Tech Solution,2946 - Tech Solution Inc.,Premium,A0008268152105,0,0,200,202,0,0,314.84,315.63,0,0,62969.09,63757.77,0,0,44561.82,45007.43,0,0,18407.27,18750.34
Standard Software,Sul,Tech Solution,2946 - Tech Solution Inc.,Premium,A0008978400964,0,0,32,0,0,0,116.38,0,0,0,3724.22,0,0,0,2593.17,0,0,0,1131.05,0
Standard Software,Sul,Tech Solution,2946 - Tech Solution Inc.,Premium,A0008779102321,0,0,300,300,0,0,156.69,156.7,0,0,47009.97,47010,0,0,25797.27,25797.25,0,0,21212.7,21212.75
Standard Software,Sul,Tech Solution,2946 - Tech Solution Inc.,Premium,A0008973710967,0,0,1400,1136,0,0,150.5,150.5,0,0,210712.73,170978.32,0,0,152867.26,124040.87,0,0,57845.47,46937.45
Standard Software,Sul,Tech Solution,2946 - Tech Solution Inc.,Premium,A0008975680967,0,0,90,62,0,0,119.21,119.21,0,0,10729.64,7391.53,0,0,7060.09,4863.62,0,0,3669.55,2527.91
Standard Software,Sul,GoodServices ,1695 - GoodServices - Light Ships,Analytics,A0008415673013,0,0,0,193,0,0,0,256.49,0,0,0,49503.34,0,0,0,2758.45,0,0,0,46744.89
Standard Software,Sul,GoodServices ,1695 - GoodServices - Light Ships,Premium,A0008394732330,8640,2343,0,0,180.67,180.67,0,0,1561055.22,423327.82,0,0,1142914.91,309936.3,0,0,418140.31,113391.52,0,0
Standard Software,Sul,GoodServices ,1695 - GoodServices - Light Ships,Premium,A0008209472317,108,1176,0,0,178.42,178.42,0,0,19269.67,209825.31,0,0,14858.83,161796.22,0,0,4410.84,48029.09,0,0
Standard Software,Sul,GoodServices ,1695 - GoodServices - Light Ships,Premium,A0008092082180,513,1053,972,1125,134.75,134.75,134.75,134.75,69128.56,141895.46,130981.42,151598.86,67459.5,128504.29,136442.28,157919.31,1669.06,13391.17,-5460.86,-6320.45
Standard Software,Sul,GoodServices ,1695 - GoodServices - Light Ships,Premium,A0008695610666,270,243,108,0,159.98,183.51,255.85,0,43195.27,44593.73,27632.29,0,43376.72,38422.72,17076.76,0,-181.45,6171.01,10555.53,0
Standard Software,Sul,GoodServices ,1695 - GoodServices - Light Ships,Premium,A0008354762207,216,189,108,108,171.39,171.39,171.39,171.81,37020.44,32392.88,18510.22,18556.47,38151.49,32332.74,18475.86,18475.85,-1131.05,60.14,34.36,80.62
Standard Software,Sul,GoodServices ,1695 - GoodServices - Light Ships,Premium,A0008857492232,123,135,162,135,141.29,141.29,141.3,141.3,17379.77,19075.36,22890.6,19075.5,17405.62,17633.45,26008.36,21673.6,-25.85,1441.91,-3117.76,-2598.1
Standard Software,Sul,GoodServices ,1695 - GoodServices - Light Ships,Premium,A0008772520973,0,108,0,0,0,159.42,0,0,0,17217.95,0,0,0,15429.27,0,0,0,1788.68,0,0
Standard Software,Sul,GoodServices ,1695 - GoodServices - Light Ships,Premium,A0008106182350,81,81,0,0,181.83,173.77,0,0,14728.88,14076.14,0,0,11213.34,9820.15,0,0,3515.54,4255.99,0,0
Standard Software,Sul,GoodServices ,1695 - GoodServices - Light Ships,Premium,A0008772440973,0,81,0,0,0,173.42,0,0,0,14047.4,0,0,0,10904.07,0,0,0,3143.33,0,0
Standard Software,Sul,GoodServices ,1695 - GoodServices - Light Ships,Premium,A0008625000974,0,64,0,32,0,210.34,0,183.24,0,13461.95,0,5863.75,0,7884.09,0,4719.53,0,5577.86,0,1144.22
Standard Software,Sul,GoodServices ,1695 - GoodServices - Light Ships,Premium,A0008052070628,54,54,0,10,186.11,212.74,0,251.83,10050.38,11488.25,0,2518.36,8554.09,8379.81,0,1551.81,1496.29,3108.44,0,966.55
Standard Software,Sul,GoodServices ,1695 - GoodServices - Light Ships,Premium,A0008232100951,430,54,0,0,179.39,179.39,0,0,77138.39,9687.15,0,0,58851.36,7723.97,0,0,18287.03,1963.18,0,0
Standard Software,Sul,GoodServices ,1695 - GoodServices - Light Ships,Premium,A0008477902313,0,27,0,0,0,182.19,0,0,0,4919.31,0,0,0,3824.92,0,0,0,1094.39,0,0
Standard Software,Sul,GoodServices ,1695 - GoodServices - Light Ships,Premium,A0008138783007,0,0,162,316,0,0,255.85,256.49,0,0,41448.44,81051.92,0,0,25506.17,49752.73,0,0,15942.27,31299.19
Standard Software,Sul,GoodServices ,1695 - GoodServices - Light Ships,Premium,A0008410020973,0,0,0,185,0,0,0,279.56,0,0,0,51718.75,0,0,0,22938.3,0,0,0,28780.45
Standard Software,Sul,GoodServices ,1695 - GoodServices - Light Ships,Premium,A0008058860628,2,0,0,0,158.96,0,0,0,317.93,0,0,0,332.69,0,0,0,-14.76,0,0,0
Standard Software,Sul,GoodServices ,1695 - GoodServices - Light Ships,Premium,A0008038800951,27,0,27,0,165.15,0,162.5,0,4459.09,0,4387.75,0,3243.44,0,2983.75,0,1215.65,0,1404,0
Standard Software,Sul,GoodServices ,1695 - GoodServices - Light Ships,Premium,A0008688510974,0,0,0,27,0,0,0,162.5,0,0,0,4387.75,0,0,0,3161.46,0,0,0,1226.29
Standard Software,Sul,GoodServices ,1695 - GoodServices - Light Ships,Premium,A0008153313007,0,0,0,0,0,0,0,0,0,0,0,0,0,0,0,0,0,0,0,0
Standard Software,Sul,GoodServices ,1695 - GoodServices - Light Ships,Premium,A0008153663007,0,0,270,221,0,0,168.81,171.39,0,0,45580.19,37877.39,0,0,48582.82,39765.94,0,0,-3002.63,-1888.55
Standard Software,Sul,GoodServices ,1695 - GoodServices - Light Ships,Premium,A0008885492312,0,0,0,10,0,0,0,166.55,0,0,0,1665.55,0,0,0,0,0,0,0,1665.55
Standard Software,Sul,GoodServices ,1695 - GoodServices - Light Ships,Premium,A0008785692184,208,0,0,0,147.25,0,0,0,30629,0,0,0,34132.8,0,0,0,-3503.8,0,0,0
Standard Software,Sul,GoodServices ,1695 - GoodServices - Light Ships,Premium,A0008034040641,73,0,0,0,134.2,0,0,0,9797.26,0,0,0,12204.27,0,0,0,-2407.01,0,0,0
Standard Software,Sul,GoodServices ,1695 - GoodServices - Light Ships,Premium,A0008805552184,39,0,0,0,146.43,0,0,0,5711.11,0,0,0,5762.43,0,0,0,-51.32,0,0,0
Standard Software,Sul,GoodServices ,1695 - GoodServices - Light Ships,Premium,A0008994470727,207,0,180,180,156.1,0,245.72,246.34,32312.7,0,44230.91,44341.42,59205.76,0,28657.64,28657.64,-26893.06,0,15573.27,15683.78
Standard Software,Sul,GoodServices ,1695 - GoodServices - Light Ships,Premium,A0008121922186,165,0,0,0,144.57,0,0,0,23854.82,0,0,0,24153,0,0,0,-298.18,0,0,0
Standard Software,Sul,GoodServices ,1695 - GoodServices - Light Ships,Premium,A0008153233007,0,0,50,54,0,0,214.87,214.87,0,0,10743.64,11603.13,0,0,7903.64,8535.93,0,0,2840,3067.2
Standard Software,Sul,GoodServices ,1695 - GoodServices - Light Ships,Premium,A0008124002186,3,0,0,0,174.47,0,0,0,523.42,0,0,0,672.19,0,0,0,-148.77,0,0,0
Standard Software,Sul,GoodServices ,1695 - GoodServices - Light Ships,Premium,A0008628290974,0,0,0,0,0,0,0,0,0,0,0,0,0,0,0,0,0,0,0,0
Standard Software,Sul,GoodServices ,1695 - GoodServices - Light Ships,Premium,A0008124352186,16,0,0,0,153.04,0,0,0,2448.78,0,0,0,3599.42,0,0,0,-1150.64,0,0,0
Standard Software,Sul,Sky Blue,1726 - SKY US,Premium,A0008893670675,0,10791,0,0,0,41.55,0,0,0,448415.1,0,0,0,348058.8,0,0,0,100356.3,0,0
Standard Software,Sul,Sky Blue,1726 - SKY US,Premium,A0008021270473,405,315,270,312,12.09,12.09,11.1,12.12,4896.82,3808.64,2997,3781.8,15253.77,8035.37,8684.18,10035.05,-10356.95,-4226.73,-5687.18,-6253.25
